-- phpMyAdmin SQL Dump
-- version 4.5.1
-- http://www.phpmyadmin.net
--
-- Host: 127.0.0.1
-- Generation Time: Jun 16, 2018 at 12:49 PM
-- Server version: 10.1.10-MariaDB
-- PHP Version: 7.0.4

SET SQL_MODE = "NO_AUTO_VALUE_ON_ZERO";
SET time_zone = "+00:00";


/*!40101 SET @OLD_CHARACTER_SET_CLIENT=@@CHARACTER_SET_CLIENT */;
/*!40101 SET @OLD_CHARACTER_SET_RESULTS=@@CHARACTER_SET_RESULTS */;
/*!40101 SET @OLD_COLLATION_CONNECTION=@@COLLATION_CONNECTION */;
/*!40101 SET NAMES utf8mb4 */;

--
-- Database: `multicinema`
--

-- --------------------------------------------------------

--
-- Table structure for table `aktuelnost`
--

CREATE TABLE `aktuelnost`(
  `idAktuelnosti` int(11) NOT NULL,
  `nazivAktuelnosti` varchar(20) DEFAULT NULL
) ENGINE=InnoDB DEFAULT CHARSET=latin1;

--
-- Dumping data for table `aktuelnost`
--

INSERT INTO `aktuelnost` (`idAktuelnosti`, `nazivAktuelnosti`) VALUES
(1, 'Vise se ne prikazuje'),
(2, 'Sada na repertoaru'),
(3, 'Uskoro');

-- --------------------------------------------------------

--
-- Table structure for table `bioskop`
--

CREATE TABLE `bioskop` (
  `idbioskopa` int(10) NOT NULL,
  `nazivbioskopa` varchar(255) NOT NULL,
  `adresa` varchar(255) NOT NULL,
  `brojsala` int(2) DEFAULT NULL,
  `link_slike` varchar(255) DEFAULT NULL
) ENGINE=InnoDB DEFAULT CHARSET=latin1;

--
-- Dumping data for table `bioskop`
--

INSERT INTO `bioskop` (`idbioskopa`, `nazivbioskopa`, `adresa`, `brojsala`, `link_slike`) VALUES
(1, 'Tasmajdan', 'Svetozara Markovica 1,Beograd', 3, 'slike/Bioskopi/tasmajdan.jpg'),
(2, 'Taurunum', 'Dusanova 3,Zemun', 2, 'slike/Bioskopi/taurunum.jpg'),
(3, 'Tvrdjava', 'Svetosavska 5,Nis', 3, 'slike/Bioskopi/tvrdjava.jpg'),
(4, 'Petrovaradin', 'Stevana Sremca 98,Novi Sad', 2, 'slike/Bioskopi/petrovaradin.jpg'),
(5, 'Park', 'Kneza Milosa 21,Arandjelovac', 2, 'slike/Bioskopi/park.jpg'),
(6, 'Sumarice', 'Kraljice Marije 12,Kragujevac', 3, 'slike/Bioskopi/sumarice.jpg'),
(7, 'Plaza', 'Glavna ulica 45,Kragujevac', 5, 'slike/Bioskopi/plaza.jpg'),
(9, 'Novi', 'Glavna ulica 45,Kragujevac', 3, 'slike/Bioskopi/plaza.jpg');

-- --------------------------------------------------------

--
-- Table structure for table `cene`
--

CREATE TABLE `cene` (
  `sifra` int(11) NOT NULL,
  `naziv` varchar(255) NOT NULL,
  `cena` double(6,1) DEFAULT NULL
) ENGINE=InnoDB DEFAULT CHARSET=latin1;

--
-- Dumping data for table `cene`
--

INSERT INTO `cene` (`sifra`, `naziv`, `cena`) VALUES
(1, 'Clanstvo u senior klubu', 8000.0),
(2, 'Clanstvo u VIP klubu', 5000.0),
(3, 'Standardna ulaznica', 300.0),
(4, 'Ulaznica za premijeru ', 1000.0),
(5, 'Ulaznica za decu do 14 godina', 200.0),
(6, 'Ulaznica za HappyDay', 200.0),
(7, 'Ulaznica za decu na HappyDay ', 150.0),
(8, 'Kokice XXL', 150.0),
(9, 'Kokice XL', 120.0),
(10, 'Kokice L', 100.0),
(11, 'Kokice M', 80.0),
(12, 'Kokice S', 60.0),
(13, 'Cokoladice', 100.0),
(14, 'Koka kola 0.5', 100.0),
(15, 'Koka kola 0.25', 80.0);

-- --------------------------------------------------------

--
-- Table structure for table `clanstvo`
--

CREATE TABLE `clanstvo` (
  `idclanskekarte` int(11) NOT NULL,
  `idkluba` int(11) NOT NULL,
  `idkorisnika` int(11) NOT NULL
) ENGINE=InnoDB DEFAULT CHARSET=latin1;

--
-- Dumping data for table `clanstvo`
--

INSERT INTO `clanstvo` (`idclanskekarte`, `idkluba`, `idkorisnika`) VALUES
(1, 3, 11),
(2, 1, 13),
(3, 1, 10),
(4, 2, 14),
(5, 2, 15),
(6, 1, 32),
(7, 1, 36);

-- --------------------------------------------------------

--
-- Table structure for table `film`
--

CREATE TABLE `film` (
  `idfilma` int(10) NOT NULL,
  `nazivfilma` varchar(255) NOT NULL,
  `Zanr` varchar(255) NOT NULL,
  `linktrejlera` varchar(255) DEFAULT NULL,
  `linkfilma` varchar(255) DEFAULT NULL,
  `link_postera` varchar(255) NOT NULL,
  `uloge` longtext,
  `reditelj` varchar(255) DEFAULT NULL,
  `radnja` text,
  `aktuelan` tinyint(1) NOT NULL DEFAULT '1',
  `movieRating` int(10) NOT NULL
) ENGINE=InnoDB DEFAULT CHARSET=latin1;

--
-- Dumping data for table `film`
--

INSERT INTO `film` (`idfilma`, `nazivfilma`, `Zanr`, `linktrejlera`, `linkfilma`, `link_postera`, `uloge`, `reditelj`, `radnja`, `aktuelan`, `movieRating`) VALUES
(1, 'Killer elite', 'Akcioni', 'https://www.youtube.com/embed/_-Z6gp1_1aI?rel=0&autoplay=1', 'https://www.youtube.com/embed/_-Z6gp1_1aI?rel=0&autoplay=1', 'slike/Posteri/Trenutno/killerElite.jpg', 'Jason Statham, Clive Owen, Robert de Niro', 'Gary McKendry', 'When his mentor is taken captive by a disgraced Arab sheik, a killer-for-hire is forced into action. His mission: kill three members of Britain''s elite Special Air Service responsible for the death of his sons.', 2, 4),
(2, 'The A Team', 'Akcioni', 'https://www.youtube.com/embed/RRLro9Yxisc?rel=0&autoplay=1', 'https://www.youtube.com/embed/RRLro9Yxisc?rel=0&autoplay=1', 'slike/Posteri/Trenutno/theATeam.jpg', 'Liam Neeson, Bradley Cooper, Sharlto Copley', 'Joe Carnahan', 'John "Hannibal" Smith (Liam Neeson) is held captive in Mexico by two Federal Police officers working for renegade General Javier Tuco (Yul Vazquez). Hannibal escapes and sets out to rescue Templeton "Faceman" Peck (Bradley Cooper), who is held captive at Tuco''s ranch. Hannibal saves Face after enlisting fellow Ranger B.A. Baracus (Quinton Jackson), driving to the rescue in BA''s modified GMC Vandura van.[9] Pursued by Tuco, they stop at a nearby Army Hospital to recruit the services of eccentric pilot Howling Mad Murdock (Sharlto Copley). They flee in a medical helicopter, chased by Tuco, in a dogfight that leaves BA with a fear of flying. The battle ends when they lure Tuco''s helicopter into American airspace, where it is shot down by a USAF F-22 Raptor for trespassing', 2, 3),
(3, 'Allied', 'Ljubavni,ratni,drama', 'https://www.youtube.com/embed/HSCQWX-pUSg?rel=0&autoplay=1', 'https://www.youtube.com/embed/HSCQWX-pUSg?rel=0&autoplay=1', 'slike/Posteri/Trenutno/allied2016.png', 'Brad Pitt, Marion Cotillard, Lizzy Caplan, Matthew Goode, Jared Harris', 'Robert Zemeckis', 'In 1942 during World War II, Royal Canadian Air Force intelligence officer Max Vatan travels to Casablanca in French Morocco to assassinate the German ambassador. He is partnered with a French Resistance fighter named Marianne Beausejour, who had escaped from France after her resistance group was compromised and killed.\r\n\r\nThe two pose as a married couple and grow close, despite agreeing that in their line of work feelings can get people killed. Marianne, who is trusted by the Germans, secures Max an invitation to the party where they plan to conduct the assassination. On the day itself, they make love inside a car in the middle of a desert sandstorm, knowing that they might not survive. However, the mission goes well and they both escape. Max asks Marianne to come with him to London and be his wife. The two get married, settle down in Hampstead, and have a baby girl named Anna.', 2, 4),
(4, 'Split', 'Triler', 'https://www.youtube.com/embed/aUMQ9jW2qAw?rel=0&autoplay=1', 'https://www.youtube.com/embed/aUMQ9jW2qAw?rel=0&autoplay=1', 'slike/Posteri/Trenutno/split.jpg', 'James McAvoy, Haley Lu Richardson, Brad William Henke', 'M. Night Shyalaman', 'Three teenagers, Claire (Haley Lu Richardson), Marcia (Jessica Sula) and outsider Casey (Anya Taylor-Joy), are kidnapped by "Dennis", one of the 23 split personalities inhabiting the body of Kevin Wendell Crumb (James McAvoy), a victim of childhood abuse with severe dissociative identity disorder, and held captive in a cellar. Kevin''s psychiatrist, Dr. Karen Fletcher (Betty Buckley), who believes that in such cases the psychological unbalance can cause physiological changes, is concerned to find an email from Kevin''s dominant personality, "Barry", asking for a meeting.', 2, 5),
(5, 'Passengers', 'Science fiction', 'https://www.youtube.com/embed/yVXQq2u6OP0?rel=0&autoplay=1', 'https://www.youtube.com/embed/yVXQq2u6OP0?rel=0&autoplay=1', 'slike/Posteri/Trenutno/passengers.png', 'Jennifer Lawrence and Chris Pratt', 'Omid Nooshin', 'The starship Avalon is transporting over 5,000 colonists to the planet Homestead II, a journey that takes 120 years. The colonists and the entire crew are in hibernation pods, but as the ship passes through a large asteroid field, the ship''s shield is heavily strained causing a malfunction that awakens one passenger, mechanical engineer Jim Preston (Chris Pratt), 90 years early.', 2, 3),
(6, 'JouRomeo', 'Romance', 'https://www.youtube.com/embed/q8zXTq6h4OE?rel=0&autoplay=1', 'https://www.youtube.com/embed/q8zXTq6h4OE?rel=0&autoplay=1', 'slike/Posteri/Trenutno/jouRomeo.png', 'Marko Marais, Tina Kruger', 'Andre Velts', 'Marko Marais (Ruan Wessels) is the most popular guy in High School Monument, not only because he’s a jock, but he’s also a cricket champion and heartbreaker. He and drama nerd Yvette (Elani Dekker) couldn’t be more different, but true love is on a collision course in this movie about romance, Shakespeare, cricket, friendship, and unconditional acceptance. Jou Romeo explores interesting themes of belonging, valuing others and discovering unusual qualities about people', 2, 2),
(7, 'LaLaLand', 'Musical', 'https://www.youtube.com/embed/0pdqf4P9MB8?rel=0&autoplay=1', 'https://www.youtube.com/embed/0pdqf4P9MB8?rel=0&autoplay=1', 'slike/Posteri/Trenutno/lalaland.png', 'Ryan Gosling, Emma Stone, John Legend, Rosemarie DeWitt, Finn Wittrock, Callie Hernandez, Sonoya Mizuno, Jessica Rothe', 'Damien Chazelle', 'During a gig at a restaurant, Sebastian slips into a passionate jazz improvisation despite warnings from the owner (J. K. Simmons) to play only songs on the setlist. Mia overhears the music as she passes by ("Mia and Sebastian''s Theme"). Moved, she enters, but Sebastian is promptly fired for his disobedience. As he storms out, Mia attempts to compliment him, but he coldly brushes her off.', 2, 1),
(8, 'NoMansLand', 'Drama', 'https://www.youtube.com/embed/i9RA6B9FOKM?rel=0&autoplay=1', 'https://www.youtube.com/embed/i9RA6B9FOKM?rel=0&autoplay=1', 'slike/Posteri/Trenutno/noMansLand.png', 'Ian McKellen and Patrick Stewart', 'Harold Pinter', 'One summer''s evening, two ageing writers, Hirst and Spooner, meet in a Hampstead pub and continue their drinking into the night at Hirst''s stately house nearby.  As the pair become increasingly inebriated, and their stories increasingly unbelievable, the lively conversation soon turns into a revealing power game, further complicated by the return home of two sinister younger men', 2, 3),
(9, 'Assassin''sCreed', 'Science Fiction', 'https://www.youtube.com/embed/gfJVoF5ko1Y?rel=0&autoplay=1', 'https://www.youtube.com/embed/gfJVoF5ko1Y?rel=0&autoplay=1', 'slike/Posteri/Trenutno/assassin''sCreed.png', 'Michael Fassbender and Marion Cotillard', 'Morten Tyldum', 'n 1492, during the Granada War, Aguilar de Nerha is accepted into the Assassins Creed Brotherhood. He is assigned to protect Prince Ahmed de Granada. In 1986, Callum returns home to find his mother killed by his father, Joseph, a modern-day Assassin. As gunmen led by Alan, CEO of the Abstergo Foundation, the modern day Templar front, approach to capture Joseph, the latter convinces the former to escape.', 2, 3),
(10, 'FiftyShadesDarker', 'Erotica, Love', 'https://www.youtube.com/embed/TUnylyz5mqQ?rel=0&autoplay=1', 'https://www.youtube.com/embed/TUnylyz5mqQ?rel=0&autoplay=1', 'slike/Posteri/Trenutno/fiftyShadesDarker.jpg', 'Jamie Dornan, Charlize Theron, Dakota Johnson, Bella Heathcote \r\n\r\n', 'Sam Taylor-Johnson', 'Zateknuta cudnim ukusima i mracnim tajnama zgodnog, ali izmucenog mladog preduzetnika Kristijana Greja, Anastasija Stil prekinula je njihovu vezu kako bi zapocela novu karijeru u novoj novinskoj izdavackoj firmi, no njena zelja za Kristijanom i dalje dominira svakim trenutkom njenog zivota, a kada joj on predlozi novu opciju, Anastasija jednostavno ne moze odoleti.', 2, 6),
(11, 'Baywatch', 'Comedy', 'https://www.youtube.com/embed/TlD69-lazmM?rel=0&autoplay=1', 'https://www.youtube.com/embed/TlD69-lazmM?rel=0&autoplay=1', 'slike/Posteri/Trenutno/baywatch.jpg', 'Dwayne Johnson, Pamela Anderson,  Alexandra Daddario, Priyanka Chopra', 'Seth Gordon', 'A no-nonsense veteran lifeguard goes head-to-head with a reckless recruit, but must put aside their differences when they uncover a criminal plot that threatens their beach.', 2, 2),
(12, 'PatriotsDay', 'Drama', 'https://www.youtube.com/embed/KJXqh2rDehg?rel=0&autoplay=1', 'https://www.youtube.com/embed/KJXqh2rDehg?rel=0&autoplay=1', 'slike/Posteri/Trenutno/patriotsDay.jpg', 'Mark Wahlberg, Kevin Bacon', 'Peter Berg', 'The story of the 2013 Boston Marathon bombing and the aftermath, which includes the city-wide manhunt to find the terrorists responsible.', 2, 4),
(13, 'Trainspotting2', 'Drama', 'https://www.youtube.com/embed/IGdiACWiMAM?rel=0&autoplay=1', 'https://www.youtube.com/embed/IGdiACWiMAM?rel=0&autoplay=1', 'slike/Posteri/Uskoro/trainspotting2.png', 'Ewan McGregor, Jonny Lee Miller, Ewen Bremner and Robert Carlyle', 'Danny Boyle', 'By definition, you have to live until you die. Better to make that life as complete and enjoyable an experience as possible, in case death is shite, which I suspect it will be', 3, 2),
(14, 'TheGreatWall', 'Action, Adventure, Fantasy', 'https://www.youtube.com/embed/S7PyFTQkiYU?rel=0&autoplay=1', 'https://www.youtube.com/embed/S7PyFTQkiYU?rel=0&autoplay=1', 'slike/Posteri/Uskoro/theGreatWall.png', 'Matt Damon, Pedro Pascal, Willem Dafoe, Tian Jing', 'Yimou Zhang', 'In the time of the Song dynasty during the reign of the Renzong Emperor, a few miles north of the Great Wall, a mercenary group originally consisting of twenty men searching for black powder are pursued by Khitan bandits, who have already killed some of the men. Upon escaping they seek refuge in a cave but are then attacked by an unknown monster, leaving only William (Matt Damon) and Tovar (Pedro Pascal) alive, with the former having slashed off the monster''s hand. The two decide to bring the arm with them.', 3, 2),
(15, 'Rangoon', 'War', 'https://www.youtube.com/embed/A3NgooI99XU?rel=0&autoplay=1', 'https://www.youtube.com/embed/A3NgooI99XU?rel=0&autoplay=1', 'slike/Posteri/Uskoro/rangoon.png', 'Shahid Kapoor, Saif Ali Khan and Kangana Ranaut', ' Sajid Nadiadwala', 'The project is a period film set during World War II (1939-1945) and supposedly portrays the life and times of Mary Ann Evans aka Fearless Nadia, Bollywood’s first original stunt-woman still remembered for her fiery role in the movie Hunterwali.[6] It stars Saif Ali Khan, Shahid Kapoor and Kangana Ranaut in lead roles. The film is scheduled for release on 24 February 2017.[7]', 3, 3),
(16, 'Rings', 'Horror', 'https://www.youtube.com/embed/ZrEG0AcYRp0?rel=0&autoplay=1', 'https://www.youtube.com/embed/ZrEG0AcYRp0?rel=0&autoplay=1', 'slike/Posteri/Uskoro/rings.png', ' Matilda Lutz, Alex Roe, Johnny Galecki, Aimee Teegarden, Bonnie Morgan and Vincent D''Onofrio', 'F. Javier Gutiérrez,', 'On an airplane bound for Seattle, two passengers discover the other has watched Samara Morgan’s cursed videotape and they realise that their seven day deadline is over. The airplane malfunctions as they attempt to flee from Samara, who eventually causes the plane to crash. Two years later..', 3, 6),
(17, 'Tess', 'Drama', 'https://www.youtube.com/embed/AMsk3wGkcaU?rel=0&autoplay=1', 'https://www.youtube.com/embed/AMsk3wGkcaU?rel=0&autoplay=1', 'slike/Posteri/Uskoro/tess.png', ' Brendon Daniels, Mark Elderkin, Nse Ikpe-Etim', 'Meg Rickards', 'When Tess falls pregnant, she has to fight to keep her past from swallowing her whole. ...', 3, 5),
(18, 'Jackie', 'Political, Drama', 'https://www.youtube.com/embed/QYbDcSWVORs?rel=0&autoplay=1', 'https://www.youtube.com/embed/QYbDcSWVORs?rel=0&autoplay=1', 'slike/Posteri/Uskoro/jackie.png', 'Natalie Portman, Peter Sarsgaard, Greta Gerwig, Caspar Phillipson, Billy Crudup, John Carroll Lynch', 'Pablo Larraín ', 'Following the assassination of President John F. Kennedy, First Lady Jacqueline Kennedy fights through grief and trauma to regain her faith, console her children, and define her husband''s historic legacy.', 3, 3),
(19, 'Gold', 'Adventure, Drama, Thriller ', 'https://www.youtube.com/embed/gdLXPv5NsA4?rel=0&autoplay=1', 'https://www.youtube.com/embed/gdLXPv5NsA4?rel=0&autoplay=1', 'slike/Posteri/Uskoro/gold.png', ' Matthew McConaughey, Edgar Ramírez, Bryce Dallas Howard ', 'Stephen Gaghan ', 'Kenny Wells (Matthew McConaughey), an unlucky businessman, teams up with geologist Michael Acosta (Édgar Ramírez) to find gold deep in the uncharted jungles of Borneo, Indonesia', 3, 3),
(20, 'The Mummy', 'Action, Adventure, Fantasy ', 'https://www.youtube.com/embed/bwTFXVdbeEw?rel=0&autoplay=1', 'https://www.youtube.com/embed/bwTFXVdbeEw?rel=0&autoplay=1', 'slike/Posteri/Uskoro/theMummy.png', 'Sofia Boutella, Tom Cruise, Annabelle Wallis', 'Alex Kurtzman ', 'Thousands of years ago, an ancient princess (played by Sofia Boutella), whose destiny was unjustly taken from her, was mummified and entombed in an ancient tomb buried deep beneath the desert. She was awakened in the contemporary world, bringing with her a malevolent grudge that has grown over millennia and terrors that will defy all of humanity.', 3, 4),
(21, 'JohnWick2', 'Action, Crime, Thriller ', 'https://www.youtube.com/embed/50Ag4_QGW8M?rel=0&autoplay=1', 'https://www.youtube.com/embed/50Ag4_QGW8M?rel=0&autoplay=1', 'slike/Posteri/Uskoro/johnWick2.png', 'Ruby Rose, Keanu Reeves, Ian McShane', 'Chad Stahelski ', 'Legendary hitman John Wick is forced back out of retirement by a former associate plotting to seize control of a shadowy international assassins'' guild. Bound by a blood oath to help him, John travels to Rome, where he squares off against some of the world''s deadliest killers', 3, 3),
(22, 'xXxXanderCage', 'Action, Adventure, Thriller ', 'https://www.youtube.com/embed/MQEFmHsseaU?rel=0&autoplay=1', 'https://www.youtube.com/embed/MQEFmHsseaU?rel=0&autoplay=1', 'slike/Posteri/Uskoro/xanderCage.png', 'Vin Diesel, Donnie Yen, Deepika Padukone', 'D.J. Caruso ', 'Xander Cage is left for dead after an incident, though he secretly returns to action for a new, tough assignment with his handler Augustus Gibbons. ', 3, 3),
(23, 'FastAndFurious', 'Action, Crime, Thriller ', 'https://www.youtube.com/embed/2DMpqplvADQ?rel=0&autoplay=1', 'https://www.youtube.com/embed/2DMpqplvADQ?rel=0&autoplay=1', 'slike/Posteri/Uskoro/fastAndFurious8.png', 'Vin Diesel, Paul Walker, Michelle Rodriguez ', 'Rob Cohen', 'Sad kad su Dom i Leti na medenom mesecu, Brajan i Mia se povukli iz igre, a ostatak ekipe oslobodjen svih optuzbi, ovaj tim koji vecito putuje po svetu poceo je da vodi nešto nalik normalnom žsvotu. Ali kad misteriozna zena (oskarovka sarliz Teron) zavede Doma u svet kriminala iz kog izgleda da ne moze da pobegne i kad izda one najblize njemu, ekipa ce se susresti s najtezim izazovom koji ce ih dovesti pred test kakav nikad pre nisu imali', 3, 3),
(24, 'Blade Runner', 'Science Fiction, Action', 'https://www.youtube.com/embed/S_JAMRKzEHs?rel=0&autoplay=1', 'https://www.youtube.com/embed/S_JAMRKzEHs?rel=0&autoplay=1', 'slike/Posteri/Uskoro/bladeRunner.png', ' Ryan Gosling, Ana de Armas, Jared Leto ', 'Denis Villeneuve ', 'Thirty years after the events of the first film, a new blade runner, LAPD Officer K (Ryan Gosling), unearths a long-buried secret that has the potential to plunge what''s left of society into chaos. K''s discovery leads him on a quest to find Rick Deckard (Harrison Ford), a former LAPD blade runner who has been missing for 30 years. ', 3, 3);

-- --------------------------------------------------------

--
-- Table structure for table `grad`
--

CREATE TABLE `grad` (
  `IdGrada` int(11) NOT NULL,
  `nazivGrada` varchar(255) NOT NULL,
  `skracenica` varchar(3) NOT NULL
) ENGINE=InnoDB DEFAULT CHARSET=latin1;

--
-- Dumping data for table `grad`
--

INSERT INTO `grad` (`IdGrada`, `nazivGrada`, `skracenica`) VALUES
(1, 'Beograd', 'BG'),
(2, 'Novi Sad', 'NS'),
(3, 'Arandjelovac', 'AR'),
(4, 'Kragujevac', 'KG'),
(5, 'Nis', 'NI');

-- --------------------------------------------------------

--
-- Table structure for table `klub`
--

CREATE TABLE `klub` (
  `idkluba` int(11) NOT NULL,
  `nazivkluba` varchar(255) NOT NULL,
  `pogodnosti` text,
  `link_slike` varchar(255) DEFAULT NULL,
  `Cena` double(6,1) DEFAULT NULL
) ENGINE=InnoDB DEFAULT CHARSET=latin1;

--
-- Dumping data for table `klub`
--

INSERT INTO `klub` (`idkluba`, `nazivkluba`, `pogodnosti`, `link_slike`, `Cena`) VALUES
(1, 'Vip', 'Ekskluzivno pravo da prisustvujete na svim premijerama', 'slike/Klubovi/vip.jpg', 5000.0),
(2, 'Kids', 'Za decu do 14 godina\r\nbesplatno clanstvo,\r\nbesplatne kokice,\r\npopust za pratioce', 'slike/Klubovi/kids.jpg', 0.0),
(3, 'Senior', 'Popust od 20% za sve projekcije', 'slike/Klubovi/senior.jpg', 8000.0);

-- --------------------------------------------------------

--
-- Table structure for table `korisnik`
--

CREATE TABLE `korisnik` (
  `idkorisnika` int(11) NOT NULL,
  `korisnickoime` varchar(45) NOT NULL,
  `lozinka` varchar(70) NOT NULL,
  `ime` varchar(255) NOT NULL,
  `prezime` varchar(255) NOT NULL,
  `datumrodjenja` varchar(20) DEFAULT NULL,
  `adresa` varchar(255) DEFAULT NULL,
  `email` varchar(45) NOT NULL,
  `telefon` varchar(25) DEFAULT NULL,
  `grad` varchar(255) DEFAULT NULL,
  `drzava` varchar(255) DEFAULT NULL,
  `platnakartica` varchar(255) DEFAULT NULL,
  `clanskaKartica` int(11) DEFAULT NULL,
  `omiljeniBioskop` int(11) DEFAULT NULL,
  `omiljeniGrad` int(11) DEFAULT NULL,
  `aktivan` tinyint(1) NOT NULL DEFAULT '1',
  `idrole` int(10) DEFAULT '4'
) ENGINE=InnoDB DEFAULT CHARSET=latin1;

--
-- Dumping data for table `korisnik`
--

INSERT INTO `korisnik` (`idkorisnika`, `korisnickoime`, `lozinka`, `ime`, `prezime`, `datumrodjenja`, `adresa`, `email`, `telefon`, `grad`, `drzava`, `platnakartica`, `clanskaKartica`, `omiljeniBioskop`, `omiljeniGrad`, `aktivan`, `idrole`) VALUES
(1, 'laza', 'wLMm2Xe+JXzaq8/2FfzXbQX8JZb4tPHd/lZhxTgpgutXChaP6RR8gtaPJpSWlpM9', 'Nebojsa', 'Lazovic', '1973-03-14', '17.oktobar 59 v', 'neb.lazovic@gmail.com', '011444555', 'Beograd', 'Srbija', '23455979', NULL, NULL, NULL, 1, 1),
(2, 'gaga', 'V2CorxnXBevnCZT+e678Ul4ifHz47k0bgrI4CbkpcrCNffhFXZ0n86bycKc2gSwr', 'Dragana', 'Lazovic', '1972-01-12', '17. oktobar 59 v', 'gaga@gmail.com', 'null', 'Beograd', 'Srbija', '9562656959656', 0, NULL, NULL, 1, 2),
(3, 'gane', 'XRpPVDPA2xrqwXJdJDS2Kc60JnVdf6c70v00+dIjEs1tcHCddfJg3bdPuCHjpI2j', 'Dragan', 'Petrovic', '1984-06-05', 'Gandijeva 3', 'gane@gmail.com', 'null', 'Beograd', 'Srbija', '987975464', 0, NULL, NULL, 1, 3),
(4, 'admin', 'UtKf6p9uttePxy0lyC/R42owFyLSF5Fq3sTA1I5IxoJBWKuZ1IWLILwY/HXpR/gR', 'Aleksandar', 'Vucic', '1968-05-05', 'Dedinje bb', 'vucko@gmail.com', 'null', 'Beograd', 'Srbija', '4654121654', 0, NULL, NULL, 1, 1),
(6, 'prodavac', 'cPOnrBpTAvA1hk8PGW/dEEieS8aTZFq5/EgtPlRbrmxffDZOFUVHCq/M/jm7EEG/', 'Kim', 'Kardasian', '1980-06-08', 'Sunset boulevard 234', 'kim@gmail.com', 'null', 'Los Angeles', 'USA', '4565220', 0, NULL, NULL, 0, 3),
(10, 'tosa', 'HzLQ6+7OERJMOSQjFOlBCv3hK7beRm52dkrsf6QJxK/xI+jUl1zA9b718xbRWNL3', 'Todor', 'Todorovic', '1955-07-14', 'Tosin bunar 23', 'tosa@gmail.com', 'null', 'Beograd', 'Srbija', '989898546', 3, NULL, NULL, 1, 4),
(11, 'Dragan', 'JAbHFwosaZcYkWVBOUMD0pxC1G4VVPtVycwwWv1/wZd/hf71y9vxARyB0VKWWTDB', 'Dragan', 'Milosevic', '1985-05-05', 'Sumatovacka, 25', 'dragan@gmail.com', 'null', 'Beograd', 'Srbija', '9865465613', 1, NULL, NULL, 1, 4),
(13, 'Milan', '2D/6L+kxLvE3yWIi7lbWEPqsqZYWMGdDl2gEFwPQ2CbAoehL4i5ThOFHro1fCA6U', 'Milan', 'Rabrenovic', '1983-05-15', '29.novembra, 25', 'rabren@gmail.com', 'null', 'Arandjelovac', 'Srbija', '565954961', 2, NULL, NULL, 1, 4),
(14, 'Viki', 'QJCyEudyA3Cwwct5qZyqBTYfQ0FRQYXZjKIzJyVvX3MXS8w1B7vilMHvEQ0e4HEt', 'Violeta', 'Popadic', '1965-07-15', 'Topolska 18', 'viki@gmail.com', 'null', 'Beograd', 'Srbija', '3562626532', 4, NULL, NULL, 0, 4),
(15, 'zoki', 'hINFy5ADmsX28ERaPkF9bUAdi7fral1SJwDW+kXn0La/sLZsndPOyX1Zth1gydAj', 'Zoran', 'Lazovic', '1952-03-11', 'Arcibalda Rajsa 11', 'zoki@gmail.com', 'null', 'Beograd', 'Srbija', '87654312', 5, NULL, NULL, 1, 4),
(22, 'andjela', 'IrJXIq5aCmTqrFXCT8g7vKpeW2brNT71cJZs+BIm6QNZutlbHVsVZ/yIfDNZWF//', 'Andjela', 'Orlandic', '2004-06-13', 'Frontovska32', 'andjela@gmail.com', NULL, 'Beograd', 'Srbija', '434343344', NULL, NULL, NULL, 1, 4),
(31, 'baneo', 'nnAYO84Q+xtr6ULCh4iSu67/L2ZOp8pqP6xAh9jtqOE2bHxkN19Qbqpm0BVQdchj', 'Branko', 'Orlandic', '2004-06-13', 'Frontovska 32', 'baneo@gmail.com', '0359856596', 'Beograd', 'Srbija', '4535647', NULL, NULL, NULL, 1, 1),
(32, 'zmaj', 'cv2pKwt/+4aFk8b/9tIQUSPu4EN9MZYWqCSQKYkmEkGAuf2ycT2ISnFd6JuQSfOC', 'Jovan', 'Jovanovic', '1852-05-03', 'Glavna 12', 'zmaj@gmail.com', NULL, 'Sremski Karlovci', 'Srbija', '5115', NULL, NULL, NULL, 1, 4),
(33, 'Mare', 'xMLaqRVSLRJ32OGz/lS69TGm7tsGWqqDL5qBNQWex14KHOETJuilvOJ3bQCl5SaD', 'Marko', 'Markovic', '1980-05-05', 'Dusanova 5', 'mare@gmail.com', '0155555', 'Beograd', 'Srbija', '65', NULL, NULL, NULL, 1, 2),
(34, 'tesla', 'gefvZyqwlFRRX26nFNHlQvqL56SgFUZl/Yzqb5piiSlf4EnpZlffBCDa70P3gBxh', 'Nikola', 'Tesla', '1856-05-05', 'hgkg', 'khjh', NULL, 'kjh', 'lhgjh', '626', NULL, NULL, NULL, 1, 4),
(35, 'nenad', '+Dosq7AORPCPahL20lXYBS8sawjiNnbh6hRYgYB+gHUs6GTcfWNOQMqC4VSCR6PT', 'Nenad', 'Nenadovic', '', '', 'nenad', '', '', '', '', NULL, NULL, NULL, 1, 2),
(36, 'stole', 'kC0AzfQ2ET9iZ6mjXwHWuDNkQdIpVEOaDUjqdcRG/XVvsEANVYMzhGlmTezV3SnD', 'Stojan', 'Stojanovic', '11.1.1977.', 'Sumatovacka 22', 'stole@yahoo.com', NULL, 'Beograd', 'Srbija', '654698432', NULL, NULL, NULL, 1, 4);

-- --------------------------------------------------------

--
-- Table structure for table `nacinplacanja`
--

CREATE TABLE `nacinplacanja` (
  `idNacinaPlacanja` int(10) NOT NULL,
  `nazivNacinaPlacanja` varchar(255) DEFAULT NULL
) ENGINE=InnoDB DEFAULT CHARSET=latin1;

-- --------------------------------------------------------

--
-- Table structure for table `placanje`
--

CREATE TABLE `placanje` (
  `idplacanja` int(10) NOT NULL,
  `idnacinaplacanja` int(10) NOT NULL,
  `idrezervacije` int(10) DEFAULT NULL
) ENGINE=InnoDB DEFAULT CHARSET=latin1;

-- --------------------------------------------------------

--
-- Table structure for table `pravo`
--

CREATE TABLE `pravo` (
  `idprava` int(11) NOT NULL,
  `nazivPrava` varchar(255) NOT NULL
) ENGINE=InnoDB DEFAULT CHARSET=latin1;

--
-- Dumping data for table `pravo`
--

INSERT INTO `pravo` (`idprava`, `nazivPrava`) VALUES
(1, 'dodavanjeKorisnika'),
(2, 'brisanjeKorisnika'),
(3, 'ProdajaKarata'),
(4, 'RezervacijaKarata'),
(5, 'dodavanjeBioskopa'),
(6, 'brisanjeBioskopa'),
(7, 'dodavanjeSala'),
(8, 'BrisanjeSala'),
(9, 'PregledIzvestaja'),
(10, 'BrisanjeIzvestaja');

-- --------------------------------------------------------

--
-- Table structure for table `projekcija`
--

CREATE TABLE `projekcija` (
  `idprojekcije` int(20) NOT NULL,
  `datumprojekcije` datetime DEFAULT NULL,
  `idtehnologije` int(10) DEFAULT NULL,
  `idfilma` int(10) DEFAULT NULL,
  `idBioskopa` int(10) DEFAULT NULL,
  `idSale` int(10) DEFAULT NULL
) ENGINE=InnoDB DEFAULT CHARSET=latin1;

--
-- Dumping data for table `projekcija`
--

INSERT INTO `projekcija` (`idprojekcije`, `datumprojekcije`, `idtehnologije`, `idfilma`, `idBioskopa`, `idSale`) VALUES
(1, '2017-03-08 12:00:00', 1, 6, 1, 1),
(2, '2017-03-08 13:30:00', 1, 7, 1, 1),
(3, '2017-03-08 17:00:00', 3, 2, 5, 11),
(4, '2017-03-08 18:30:00', 2, 9, 2, 5),
(5, '2017-01-08 00:00:00', 2, 4, 2, 4),
(6, '2017-03-09 15:00:00', 1, 10, 6, 14),
(7, '2017-03-09 18:00:00', 3, 5, 3, 8),
(8, '2017-01-09 20:00:00', 1, 12, 4, 10),
(9, '2017-03-10 16:00:00', 2, 3, 4, 9),
(10, '2017-03-10 18:00:00', 1, 11, 5, 12),
(11, '2017-03-10 20:00:00', 2, 8, 5, 11),
(12, '2017-03-11 15:00:00', 3, 1, 6, 14),
(13, '2017-03-12 18:30:00', 2, 6, 2, 4),
(14, '2017-03-12 20:00:00', 3, 6, 3, 7),
(15, '2017-02-12 19:30:00', 3, 1, 3, 8),
(16, '2017-03-12 21:00:00', 2, 1, 4, 9),
(17, '2017-02-12 19:30:00', 3, 2, 3, 8),
(18, '2017-03-12 21:00:00', 2, 2, 4, 9),
(19, '2017-02-12 19:30:00', 3, 3, 3, 8),
(20, '2017-03-12 21:00:00', 2, 3, 4, 9),
(21, '2017-02-12 19:30:00', 1, 1, 3, 6),
(22, '2017-03-12 21:00:00', 2, 1, 3, 8),
(23, '2017-03-13 16:00:00', 1, 2, 1, 1),
(24, '2017-03-13 18:00:00', 2, 2, 1, 2),
(25, '2017-03-13 16:00:00', 3, 2, 1, 3),
(26, '2017-03-13 18:00:00', 1, 2, 2, 4),
(27, '2017-03-13 16:00:00', 2, 2, 2, 5),
(28, '2017-03-13 18:00:00', 3, 2, 2, 4),
(29, '2017-03-14 18:45:00', 1, 3, 1, 1),
(30, '2017-03-14 17:00:00', 1, 3, 2, 5),
(31, '2017-03-13 16:00:00', 2, 3, 2, 4),
(32, '2017-03-13 18:00:00', 3, 3, 5, 11),
(33, '2017-03-13 16:00:00', 2, 3, 5, 12),
(34, '2017-03-13 18:00:00', 3, 3, 6, 13),
(35, '2017-03-14 16:00:00', 2, 3, 4, 9),
(36, '2017-03-14 18:00:00', 3, 3, 3, 8),
(37, '2017-03-14 16:00:00', 1, 3, 1, 1),
(38, '2017-03-14 18:00:00', 1, 3, 2, 5),
(39, '2017-03-14 16:00:00', 2, 3, 2, 4),
(40, '2017-03-14 18:00:00', 3, 3, 5, 11),
(41, '2017-03-14 16:00:00', 2, 3, 5, 12),
(42, '2017-03-14 18:00:00', 3, 3, 6, 13),
(43, '2017-03-14 16:00:00', 2, 4, 4, 9),
(44, '2017-03-14 18:00:00', 3, 4, 3, 8),
(45, '2017-03-14 16:00:00', 1, 4, 4, 9),
(46, '2017-03-14 18:00:00', 1, 4, 1, 1),
(47, '2017-03-14 16:00:00', 1, 4, 2, 5),
(48, '2017-03-14 18:00:00', 2, 4, 2, 4),
(49, '2017-03-14 16:00:00', 3, 4, 5, 11),
(50, '2017-03-14 18:00:00', 2, 4, 5, 12),
(51, '2017-03-14 16:00:00', 3, 4, 6, 13),
(52, '2017-03-14 18:00:00', 1, 4, 6, 14),
(53, '2017-03-13 16:00:00', 2, 4, 4, 9),
(54, '2017-03-13 18:00:00', 3, 4, 3, 8),
(55, '2017-03-13 16:00:00', 1, 4, 4, 9),
(56, '2017-03-13 18:00:00', 1, 4, 1, 1),
(57, '2017-03-13 16:00:00', 1, 4, 2, 5),
(58, '2017-03-13 18:00:00', 2, 4, 2, 4),
(59, '2017-03-13 16:00:00', 3, 4, 5, 11),
(60, '2017-03-13 18:00:00', 2, 4, 5, 12),
(61, '2017-03-13 16:00:00', 3, 4, 6, 13),
(62, '2017-03-13 18:00:00', 1, 4, 6, 14),
(63, '2017-03-14 16:00:00', 2, 5, 4, 9),
(64, '2017-03-14 18:00:00', 3, 5, 3, 8),
(65, '2017-03-14 16:00:00', 1, 5, 4, 9),
(66, '2017-03-14 18:00:00', 1, 5, 1, 1),
(67, '2017-03-14 16:00:00', 1, 5, 2, 5),
(68, '2017-03-14 18:00:00', 1, 5, 2, 4),
(69, '2017-03-14 16:00:00', 3, 5, 5, 11),
(70, '2017-03-14 18:00:00', 2, 5, 5, 12),
(71, '2017-03-14 16:00:00', 3, 5, 6, 13),
(72, '2017-03-14 18:00:00', 1, 5, 6, 14),
(73, '2017-03-13 16:00:00', 2, 5, 4, 9),
(74, '2017-03-13 18:00:00', 3, 5, 3, 8),
(75, '2017-03-13 16:00:00', 1, 5, 4, 9),
(76, '2017-03-13 18:00:00', 1, 5, 1, 1),
(77, '2017-03-13 16:00:00', 1, 5, 2, 5),
(78, '2017-03-13 18:00:00', 2, 5, 2, 4),
(79, '2017-03-13 16:00:00', 3, 5, 5, 11),
(80, '2017-03-13 18:00:00', 2, 5, 5, 12),
(81, '2017-03-13 16:00:00', 3, 5, 6, 13),
(82, '2017-03-13 18:00:00', 1, 5, 6, 14),
(83, '2017-03-15 18:00:00', 2, 7, 5, 11),
(84, '2017-03-16 20:30:00', 3, 7, 5, 11),
(85, '2017-03-16 20:30:00', 3, 7, 5, 11),
(86, '2017-03-16 20:30:00', 3, 7, 5, 11),
(87, '2017-03-16 20:30:00', 3, 7, 5, 11),
(88, '2017-03-16 20:30:00', 3, 7, 5, 11),
(89, '2017-03-16 20:30:00', 3, 7, 5, 11),
(90, '2017-03-16 20:30:00', 3, 7, 5, 11),
(91, '2017-03-16 20:30:00', 3, 7, 5, 11),
(92, '2017-03-16 20:30:00', 3, 7, 5, 11),
(93, '2017-03-16 20:30:00', 3, 7, 5, 11),
(94, '2017-03-25 00:00:00', 2, 5, 4, 9),
(95, '2017-03-25 20:00:00', 1, 1, 1, 1),
(96, '2017-03-16 20:30:00', 1, 1, 1, 1);

-- --------------------------------------------------------

--
-- Table structure for table `ratings`
--

CREATE TABLE `ratings` (
  `idRating` int(11) NOT NULL,
  `opisRating` varchar(255) DEFAULT NULL,
  `skracenaOznaka` varchar(255) NOT NULL
) ENGINE=InnoDB DEFAULT CHARSET=latin1;

--
-- Dumping data for table `ratings`
--

INSERT INTO `ratings` (`idRating`, `opisRating`, `skracenaOznaka`) VALUES
(1, 'General Audiences. All Ages Admitted.', 'slike/MovieRating/g.png'),
(2, 'Parental Guideance Suggested. Some Material May Not Be Suitable For Children.', 'slike/MovieRating/PG.png'),
(3, 'Parents Strongly Cautioned. Some Material May Be Inappropriate for Children Under 13.', 'slike/MovieRating/pg13.png'),
(4, 'Restricted. Under 17 Requires Accompanying Parent or Adult Guardian.', 'slike/MovieRating/r.png'),
(5, 'No One 17 and Under Admitted. Children should not be admitted.', 'slike/MovieRating/nc17.png'),
(6, 'Neklasifikovano', 'slike/MovieRating/TBC.png');

-- --------------------------------------------------------

--
-- Table structure for table `rezervacija`
--

CREATE TABLE `rezervacija` (
  `idrezervacije` int(10) NOT NULL,
  `datumRezervacije` timestamp NOT NULL DEFAULT CURRENT_TIMESTAMP,
  `idkorisnika` int(10) NOT NULL,
  `idzaposlenirezervisao` int(10) DEFAULT NULL,
  `idbioskopa` int(10) DEFAULT NULL,
  `idSale` int(10) DEFAULT NULL,
  `idprojekcije` int(10) DEFAULT NULL,
  `rezervisana` tinyint(1) DEFAULT NULL,
  `aktivna` tinyint(1) DEFAULT NULL,
  `placena` tinyint(1) DEFAULT NULL
) ENGINE=InnoDB DEFAULT CHARSET=latin1;

--
-- Dumping data for table `rezervacija`
--

INSERT INTO `rezervacija` (`idrezervacije`, `datumRezervacije`, `idkorisnika`, `idzaposlenirezervisao`, `idbioskopa`, `idSale`, `idprojekcije`, `rezervisana`, `aktivna`, `placena`) VALUES
(1, '2017-01-20 12:05:40', 10, 2, 1, 1, 1, 1, 1, 0),
(4, '2017-02-03 15:01:05', 10, NULL, 4, 3, 9, 1, 1, 0),
(5, '2017-02-03 16:41:47', 10, NULL, 2, 4, 5, 1, 1, 0),
(6, '2017-02-03 17:40:07', 14, NULL, 1, 1, 1, 1, 1, 0),
(7, '2017-02-03 18:13:27', 13, NULL, 4, 3, 9, 1, 1, 0),
(8, '2017-02-03 18:22:56', 13, NULL, 4, 3, 9, 1, 1, 0),
(9, '2017-02-03 18:24:20', 13, NULL, 4, 3, 9, 1, 1, 0),
(10, '2017-02-03 18:45:04', 11, NULL, 2, 4, 5, 1, 1, 0),
(11, '2017-02-03 19:10:36', 10, NULL, 6, 12, 12, 1, 1, 0),
(12, '2017-02-03 19:14:23', 10, NULL, 6, 12, 12, 1, 1, 0),
(13, '2017-02-03 19:29:42', 13, NULL, 2, 4, 5, 1, 1, 0),
(14, '2017-02-03 20:51:38', 2, NULL, 5, 13, 5, 1, 1, 0),
(15, '2017-02-03 21:17:16', 14, NULL, 2, 4, 5, 1, 1, 0),
(16, '2017-02-09 00:01:36', 13, NULL, 3, 13, 7, 1, 1, 0),
(17, '2017-02-09 13:57:29', 13, NULL, 4, 3, 9, 1, 1, 0),
(18, '2017-02-09 14:05:56', 13, NULL, 3, 13, 7, 1, 1, 0),
(19, '2017-02-09 14:10:17', 13, NULL, 3, 13, 7, 1, 1, 0),
(20, '2017-02-09 14:10:41', 13, NULL, 3, 13, 7, 1, 1, 0),
(21, '2017-02-09 14:11:44', 11, NULL, 4, 3, 9, 1, 1, 0),
(22, '2017-02-09 14:12:03', 11, NULL, 4, 3, 9, 1, 1, 0),
(23, '2017-02-09 18:01:53', 13, NULL, 4, 3, 9, 1, 1, 0),
(24, '2017-02-09 22:02:55', 11, NULL, 4, 3, 9, 1, 1, 0),
(25, '2017-02-09 22:05:23', 11, NULL, 4, 3, 9, 1, 1, 0),
(26, '2017-02-09 22:06:05', 11, NULL, 4, 3, 9, 1, 1, 0),
(27, '2017-02-09 22:06:28', 11, NULL, 4, 3, 9, 1, 1, 0),
(28, '2017-02-09 22:06:49', 11, NULL, 4, 3, 9, 1, 1, 0),
(29, '2017-02-09 22:07:27', 11, NULL, 4, 3, 9, 1, 1, 0),
(30, '2017-02-09 23:41:18', 11, NULL, 3, 13, 7, 1, 1, 0),
(31, '2017-02-09 23:50:50', 11, NULL, 3, 13, 7, 1, 1, 0),
(32, '2017-02-09 23:53:41', 11, NULL, 3, 13, 7, 1, 1, 0),
(33, '2017-02-09 23:57:58', 11, NULL, 3, 13, 7, 1, 1, 0),
(34, '2017-02-09 23:58:36', 11, NULL, 3, 13, 7, 1, 1, 0),
(35, '2017-02-10 00:00:56', 11, NULL, 3, 13, 7, 1, 1, 0),
(36, '2017-02-10 00:25:53', 13, NULL, 1, 1, 1, 1, 1, 0),
(37, '2017-02-10 09:00:16', 13, NULL, 2, 3, 4, 1, 1, 0),
(38, '2017-02-10 09:00:35', 13, NULL, 2, 3, 4, 1, 1, 0),
(39, '2017-02-10 11:10:06', 13, NULL, 3, 7, 14, 1, 1, 0),
(40, '2017-02-10 11:14:44', 13, NULL, 3, 7, 14, 1, 1, 0),
(41, '2017-02-10 17:14:22', 11, NULL, 5, 11, 87, 1, 1, 0),
(42, '2017-02-11 11:04:23', 13, NULL, 1, 1, 2, 1, 1, 0),
(43, '2017-02-12 09:59:00', 11, NULL, 1, 1, 2, 1, 1, 0),
(44, '2017-02-12 10:07:18', 13, NULL, 3, 8, 19, 1, 1, 0),
(45, '2017-02-12 10:24:21', 15, NULL, 6, 13, 34, 1, 1, 0),
(46, '2017-02-12 12:17:35', 13, NULL, 1, 1, 23, 1, 1, 0),
(47, '2017-02-18 20:05:53', 15, NULL, 2, 5, 4, 1, 1, 0),
(48, '2017-03-01 19:52:31', 13, NULL, 5, 11, 91, 1, 1, 0),
(49, '2017-03-11 22:22:09', 11, NULL, 5, 12, 10, 1, 1, 0),
(50, '2017-03-22 09:59:45', 32, NULL, 5, 11, 11, 1, 1, 0),
(51, '2017-03-22 13:20:43', 34, NULL, 5, 11, 11, 1, 1, 0),
(52, '2017-03-25 14:54:47', 11, NULL, 1, 1, 2, 1, 1, 0),
(53, '2017-03-26 20:31:43', 11, NULL, 5, 12, 10, 1, 1, 0),
(54, '2017-04-05 18:01:36', 11, NULL, 5, 12, 10, 1, 1, 0),
(55, '2017-04-08 10:39:21', 11, NULL, 5, 12, 10, 1, 1, 0);

-- --------------------------------------------------------

--
-- Table structure for table `rezervisanosediste`
--

CREATE TABLE `rezervisanosediste` (
  `idrezervacije` int(10) NOT NULL,
  `idsedista` int(10) NOT NULL
) ENGINE=InnoDB DEFAULT CHARSET=latin1;

--
-- Dumping data for table `rezervisanosediste`
--

INSERT INTO `rezervisanosediste` (`idrezervacije`, `idsedista`) VALUES
(1, 6),
(1, 7),
(4, 392),
(4, 393),
(5, 645),
(5, 646);

-- --------------------------------------------------------

--
-- Table structure for table `rola`
--

CREATE TABLE `rola` (
  `idrole` int(10) NOT NULL,
  `nazivRole` varchar(255) NOT NULL
) ENGINE=InnoDB DEFAULT CHARSET=latin1;

--
-- Dumping data for table `rola`
--

INSERT INTO `rola` (`idrole`, `nazivRole`) VALUES
(1, 'admin'),
(2, 'menadzer'),
(3, 'prodavac'),
(4, 'posetilac');

-- --------------------------------------------------------

--
-- Table structure for table `role_prava`
--

CREATE TABLE `role_prava` (
  `idRole` int(11) DEFAULT NULL,
  `idPrava` int(11) DEFAULT NULL
) ENGINE=InnoDB DEFAULT CHARSET=latin1;

--
-- Dumping data for table `role_prava`
--

INSERT INTO `role_prava` (`idRole`, `idPrava`) VALUES
(1, 1),
(1, 2),
(1, 3),
(1, 4),
(1, 5),
(1, 6),
(1, 7),
(1, 8),
(1, 9),
(1, 10),
(2, 9),
(2, 10),
(3, 1),
(3, 2),
(3, 3),
(3, 4),
(4, 1),
(4, 2);

-- --------------------------------------------------------

--
-- Table structure for table `sala`
--

CREATE TABLE `sala` (
  `idsale` int(10) NOT NULL,
  `nazivsale` varchar(255) NOT NULL,
  `idbioskopa` int(10) DEFAULT NULL,
  `brojRedova` int(2) NOT NULL,
  `sedistaURedu` int(2) NOT NULL
) ENGINE=InnoDB DEFAULT CHARSET=latin1;

--
-- Dumping data for table `sala`
--

INSERT INTO `sala` (`idsale`, `nazivsale`, `idbioskopa`, `brojRedova`, `sedistaURedu`) VALUES
(1, 'Ckalja', 1, 16, 12),
(2, 'Bata', 1, 13, 15),
(3, 'Gidra', 1, 14, 18),
(4, 'Manda', 2, 15, 18),
(5, 'Paja', 2, 18, 20),
(6, 'Gaga', 3, 17, 20),
(7, 'Marinko', 3, 15, 17),
(8, 'Mija', 3, 16, 22),
(9, 'Ruzica', 4, 16, 21),
(10, 'Milena', 4, 16, 20),
(11, 'Ljuba', 5, 14, 21),
(12, 'Misa', 5, 13, 20),
(13, 'Zoran', 6, 16, 20),
(14, 'Tanja', 6, 15, 19);

-- --------------------------------------------------------

--
-- Table structure for table `sediste`
--

CREATE TABLE `sediste` (
  `idsedista` int(10) NOT NULL,
  `brojsedista` varchar(10) NOT NULL,
  `zauzeto` tinyint(1) NOT NULL,
  `invalidsko` tinyint(1) NOT NULL,
  `odabrano` tinyint(1) NOT NULL,
  `idsale` int(10) DEFAULT NULL
) ENGINE=InnoDB DEFAULT CHARSET=latin1;

--
-- Dumping data for table `sediste`
--

INSERT INTO `sediste` (`idsedista`, `brojsedista`, `zauzeto`, `invalidsko`, `odabrano`, `idsale`) VALUES
(2, 'r1s1', 1, 0, 0, 1),
(3, 'r1s2', 1, 0, 0, 1),
(4, 'r1s3', 0, 0, 0, 1),
(5, 'r1s4', 0, 0, 0, 1),
(6, 'r1s5', 1, 0, 0, 1),
(7, 'r1s6', 1, 0, 0, 1),
(8, 'r1s7', 0, 1, 0, 1),
(9, 'r1s8', 0, 1, 0, 1),
(10, 'r1s9', 0, 0, 0, 1),
(11, 'r1s10', 0, 0, 0, 1),
(12, 'r1s11', 1, 0, 0, 1),
(13, 'r1s12', 0, 0, 0, 1),
(14, 'r2s1', 0, 0, 0, 1),
(15, 'r2s2', 0, 0, 0, 1),
(16, 'r2s3', 0, 0, 0, 1),
(17, 'r2s4', 0, 0, 0, 1),
(18, 'r2s5', 0, 0, 0, 1),
(19, 'r2s6', 0, 0, 0, 1),
(20, 'r2s7', 1, 0, 0, 1),
(21, 'r2s8', 1, 0, 0, 1),
(22, 'r2s9', 1, 0, 0, 1),
(23, 'r2s10', 1, 0, 0, 1),
(24, 'r2s11', 0, 0, 0, 1),
(25, 'r2s12', 0, 0, 0, 1),
(26, 'r3s1', 0, 0, 0, 1),
(27, 'r3s2', 1, 0, 0, 1),
(28, 'r3s3', 1, 0, 0, 1),
(29, 'r3s4', 0, 0, 0, 1),
(30, 'r3s5', 0, 0, 0, 1),
(31, 'r3s6', 0, 0, 0, 1),
(32, 'r3s7', 1, 0, 0, 1),
(33, 'r3s8', 1, 0, 0, 1),
(34, 'r3s9', 1, 0, 0, 1),
(35, 'r3s10', 0, 0, 0, 1),
(36, 'r3s11', 0, 0, 0, 1),
(37, 'r3s12', 0, 0, 0, 1),
(38, 'r4s1', 0, 0, 0, 1),
(39, 'r4s2', 0, 0, 0, 1),
(40, 'r4s3', 0, 0, 0, 1),
(41, 'r4s4', 1, 0, 0, 1),
(42, 'r4s5', 1, 0, 0, 1),
(43, 'r4s6', 0, 0, 0, 1),
(44, 'r4s7', 0, 0, 0, 1),
(45, 'r4s8', 0, 0, 0, 1),
(46, 'r4s9', 0, 0, 0, 1),
(47, 'r4s10', 0, 0, 0, 1),
(48, 'r4s11', 0, 0, 0, 1),
(49, 'r4s12', 0, 0, 0, 1),
(50, 'r5s1', 0, 0, 0, 1),
(51, 'r5s2', 0, 0, 0, 1),
(52, 'r5s3', 0, 0, 0, 1),
(53, 'r5s4', 0, 0, 0, 1),
(54, 'r5s5', 0, 0, 0, 1),
(55, 'r5s6', 0, 0, 0, 1),
(56, 'r5s7', 0, 0, 0, 1),
(57, 'r5s8', 0, 0, 0, 1),
(58, 'r5s9', 1, 0, 0, 1),
(59, 'r5s10', 0, 0, 0, 1),
(60, 'r5s11', 0, 0, 0, 1),
(61, 'r5s12', 0, 0, 0, 1),
(62, 'r6s1', 0, 0, 0, 1),
(63, 'r6s2', 0, 0, 0, 1),
(64, 'r6s3', 0, 0, 0, 1),
(65, 'r6s4', 0, 0, 0, 1),
(66, 'r6s5', 0, 0, 0, 1),
(67, 'r6s6', 0, 0, 0, 1),
(68, 'r6s7', 0, 0, 0, 1),
(69, 'r6s8', 0, 0, 0, 1),
(70, 'r6s9', 0, 0, 0, 1),
(71, 'r6s10', 0, 0, 0, 1),
(72, 'r6s11', 0, 0, 0, 1),
(73, 'r6s12', 0, 0, 0, 1),
(74, 'r7s1', 0, 0, 0, 1),
(75, 'r7s2', 0, 0, 0, 1),
(76, 'r7s3', 0, 0, 0, 1),
(77, 'r7s4', 0, 0, 0, 1),
(78, 'r7s5', 0, 0, 0, 1),
(79, 'r7s6', 0, 0, 0, 1),
(80, 'r7s7', 0, 0, 0, 1),
(81, 'r7s8', 0, 0, 0, 1),
(82, 'r7s9', 0, 0, 0, 1),
(83, 'r7s10', 0, 0, 0, 1),
(84, 'r7s11', 0, 0, 0, 1),
(85, 'r7s12', 0, 0, 0, 1),
(86, 'r8s1', 0, 0, 0, 1),
(87, 'r8s2', 0, 0, 0, 1),
(88, 'r8s3', 0, 0, 0, 1),
(89, 'r8s4', 0, 0, 0, 1),
(90, 'r8s5', 0, 0, 0, 1),
(91, 'r8s6', 0, 0, 0, 1),
(92, 'r8s7', 0, 0, 0, 1),
(93, 'r8s8', 0, 0, 0, 1),
(94, 'r8s9', 0, 0, 0, 1),
(95, 'r8s10', 0, 0, 0, 1),
(96, 'r8s11', 0, 0, 0, 1),
(97, 'r8s12', 0, 0, 0, 1),
(98, 'r9s1', 0, 0, 0, 1),
(99, 'r9s2', 0, 0, 0, 1),
(100, 'r9s3', 0, 0, 0, 1),
(101, 'r9s4', 0, 0, 0, 1),
(102, 'r9s5', 0, 0, 0, 1),
(103, 'r9s6', 0, 0, 0, 1),
(104, 'r9s7', 0, 0, 0, 1),
(105, 'r9s8', 0, 0, 0, 1),
(106, 'r9s9', 0, 0, 0, 1),
(107, 'r9s10', 0, 0, 0, 1),
(108, 'r9s11', 0, 0, 0, 1),
(109, 'r9s12', 0, 0, 0, 1),
(110, 'r10s1', 0, 0, 0, 1),
(111, 'r10s2', 0, 0, 0, 1),
(112, 'r10s3', 0, 0, 0, 1),
(113, 'r10s4', 0, 0, 0, 1),
(114, 'r10s5', 0, 0, 0, 1),
(115, 'r10s6', 0, 0, 0, 1),
(116, 'r10s7', 0, 0, 0, 1),
(117, 'r10s8', 0, 0, 0, 1),
(118, 'r10s9', 0, 0, 0, 1),
(119, 'r10s10', 0, 0, 0, 1),
(120, 'r10s11', 0, 0, 0, 1),
(121, 'r10s12', 0, 0, 0, 1),
(122, 'r11s1', 0, 0, 0, 1),
(123, 'r11s2', 0, 0, 0, 1),
(124, 'r11s3', 0, 0, 0, 1),
(125, 'r11s4', 0, 0, 0, 1),
(126, 'r11s5', 0, 0, 0, 1),
(127, 'r11s6', 0, 0, 0, 1),
(128, 'r11s7', 0, 0, 0, 1),
(129, 'r11s8', 0, 0, 0, 1),
(130, 'r11s9', 0, 0, 0, 1),
(131, 'r11s10', 0, 0, 0, 1),
(132, 'r11s11', 0, 0, 0, 1),
(133, 'r11s12', 0, 0, 0, 1),
(134, 'r12s1', 0, 0, 0, 1),
(135, 'r12s2', 0, 0, 0, 1),
(136, 'r12s3', 0, 0, 0, 1),
(137, 'r12s4', 0, 0, 0, 1),
(138, 'r12s5', 0, 0, 0, 1),
(139, 'r12s6', 0, 0, 0, 1),
(140, 'r12s7', 0, 0, 0, 1),
(141, 'r12s8', 0, 0, 0, 1),
(142, 'r12s9', 0, 0, 0, 1),
(143, 'r12s10', 0, 0, 0, 1),
(144, 'r12s11', 0, 0, 0, 1),
(145, 'r12s12', 0, 0, 0, 1),
(146, 'r13s1', 0, 0, 0, 1),
(147, 'r13s2', 0, 0, 0, 1),
(148, 'r13s3', 0, 0, 0, 1),
(149, 'r13s4', 0, 0, 0, 1),
(150, 'r13s5', 0, 0, 0, 1),
(151, 'r13s6', 0, 0, 0, 1),
(152, 'r13s7', 0, 0, 0, 1),
(153, 'r13s8', 0, 0, 0, 1),
(154, 'r13s9', 0, 0, 0, 1),
(155, 'r13s10', 0, 0, 0, 1),
(156, 'r13s11', 0, 0, 0, 1),
(157, 'r13s12', 0, 0, 0, 1),
(158, 'r14s1', 0, 0, 0, 1),
(159, 'r14s2', 0, 0, 0, 1),
(160, 'r14s3', 0, 0, 0, 1),
(161, 'r14s4', 0, 0, 0, 1),
(162, 'r14s5', 0, 0, 0, 1),
(163, 'r14s6', 0, 0, 0, 1),
(164, 'r14s7', 0, 0, 0, 1),
(165, 'r14s8', 0, 0, 0, 1),
(166, 'r14s9', 0, 0, 0, 1),
(167, 'r14s10', 0, 0, 0, 1),
(168, 'r14s11', 0, 0, 0, 1),
(169, 'r14s12', 0, 0, 0, 1),
(170, 'r15s1', 0, 0, 0, 1),
(171, 'r15s2', 0, 0, 0, 1),
(172, 'r15s3', 0, 0, 0, 1),
(173, 'r15s4', 0, 0, 0, 1),
(174, 'r15s5', 0, 0, 0, 1),
(175, 'r15s6', 0, 0, 0, 1),
(176, 'r15s7', 0, 0, 0, 1),
(177, 'r15s8', 0, 0, 0, 1),
(178, 'r15s9', 0, 0, 0, 1),
(179, 'r15s10', 0, 0, 0, 1),
(180, 'r15s11', 0, 0, 0, 1),
(181, 'r15s12', 0, 0, 0, 1),
(182, 'r16s1', 0, 0, 0, 1),
(183, 'r16s2', 0, 0, 0, 1),
(184, 'r16s3', 0, 0, 0, 1),
(185, 'r16s4', 0, 0, 0, 1),
(186, 'r16s5', 0, 0, 0, 1),
(187, 'r16s6', 0, 0, 0, 1),
(188, 'r16s7', 0, 0, 0, 1),
(189, 'r16s8', 0, 0, 0, 1),
(190, 'r16s9', 0, 0, 0, 1),
(191, 'r16s10', 0, 0, 0, 1),
(192, 'r16s11', 0, 0, 0, 1),
(193, 'r16s12', 0, 0, 0, 1),
(194, 'r1s1', 0, 0, 0, 2),
(195, 'r1s2', 0, 0, 0, 2),
(196, 'r1s3', 0, 0, 0, 2),
(197, 'r1s4', 0, 0, 0, 2),
(198, 'r1s5', 0, 0, 0, 2),
(199, 'r1s6', 0, 0, 0, 2),
(200, 'r1s7', 0, 1, 0, 2),
(201, 'r1s8', 0, 1, 0, 2),
(202, 'r1s9', 0, 0, 0, 2),
(203, 'r1s10', 0, 0, 0, 2),
(204, 'r1s11', 0, 0, 0, 2),
(205, 'r1s12', 0, 0, 0, 2),
(206, 'r1s13', 0, 0, 0, 2),
(207, 'r1s14', 0, 0, 0, 2),
(208, 'r1s15', 0, 0, 0, 2),
(209, 'r2s1', 0, 0, 0, 2),
(210, 'r2s2', 0, 0, 0, 2),
(211, 'r2s3', 0, 0, 0, 2),
(212, 'r2s4', 0, 0, 0, 2),
(213, 'r2s5', 0, 0, 0, 2),
(214, 'r2s6', 0, 0, 0, 2),
(215, 'r2s7', 0, 0, 0, 2),
(216, 'r2s8', 0, 0, 0, 2),
(217, 'r2s9', 0, 0, 0, 2),
(218, 'r2s10', 0, 0, 0, 2),
(219, 'r2s11', 0, 0, 0, 2),
(220, 'r2s12', 0, 0, 0, 2),
(221, 'r2s13', 0, 0, 0, 2),
(222, 'r2s14', 0, 0, 0, 2),
(223, 'r2s15', 0, 0, 0, 2),
(224, 'r3s1', 0, 0, 0, 2),
(225, 'r3s2', 0, 0, 0, 2),
(226, 'r3s3', 0, 0, 0, 2),
(227, 'r3s4', 0, 0, 0, 2),
(228, 'r3s5', 0, 0, 0, 2),
(229, 'r3s6', 0, 0, 0, 2),
(230, 'r3s7', 0, 0, 0, 2),
(231, 'r3s8', 0, 0, 0, 2),
(232, 'r3s9', 0, 0, 0, 2),
(233, 'r3s10', 0, 0, 0, 2),
(234, 'r3s11', 0, 0, 0, 2),
(235, 'r3s12', 0, 0, 0, 2),
(236, 'r3s13', 0, 0, 0, 2),
(237, 'r3s14', 0, 0, 0, 2),
(238, 'r3s15', 0, 0, 0, 2),
(239, 'r4s1', 0, 0, 0, 2),
(240, 'r4s2', 0, 0, 0, 2),
(241, 'r4s3', 0, 0, 0, 2),
(242, 'r4s4', 0, 0, 0, 2),
(243, 'r4s5', 0, 0, 0, 2),
(244, 'r4s6', 0, 0, 0, 2),
(245, 'r4s7', 0, 0, 0, 2),
(246, 'r4s8', 0, 0, 0, 2),
(247, 'r4s9', 0, 0, 0, 2),
(248, 'r4s10', 0, 0, 0, 2),
(249, 'r4s11', 0, 0, 0, 2),
(250, 'r4s12', 0, 0, 0, 2),
(251, 'r4s13', 0, 0, 0, 2),
(252, 'r4s14', 0, 0, 0, 2),
(253, 'r4s15', 0, 0, 0, 2),
(254, 'r5s1', 0, 0, 0, 2),
(255, 'r5s2', 0, 0, 0, 2),
(256, 'r5s3', 0, 0, 0, 2),
(257, 'r5s4', 0, 0, 0, 2),
(258, 'r5s5', 0, 0, 0, 2),
(259, 'r5s6', 0, 0, 0, 2),
(260, 'r5s7', 0, 0, 0, 2),
(261, 'r5s8', 0, 0, 0, 2),
(262, 'r5s9', 0, 0, 0, 2),
(263, 'r5s10', 0, 0, 0, 2),
(264, 'r5s11', 0, 0, 0, 2),
(265, 'r5s12', 0, 0, 0, 2),
(266, 'r5s13', 0, 0, 0, 2),
(267, 'r5s14', 0, 0, 0, 2),
(268, 'r5s15', 0, 0, 0, 2),
(269, 'r6s1', 0, 0, 0, 2),
(270, 'r6s2', 0, 0, 0, 2),
(271, 'r6s3', 0, 0, 0, 2),
(272, 'r6s4', 0, 0, 0, 2),
(273, 'r6s5', 0, 0, 0, 2),
(274, 'r6s6', 0, 0, 0, 2),
(275, 'r6s7', 0, 0, 0, 2),
(276, 'r6s8', 0, 0, 0, 2),
(277, 'r6s9', 0, 0, 0, 2),
(278, 'r6s10', 0, 0, 0, 2),
(279, 'r6s11', 0, 0, 0, 2),
(280, 'r6s12', 0, 0, 0, 2),
(281, 'r6s13', 0, 0, 0, 2),
(282, 'r6s14', 0, 0, 0, 2),
(283, 'r6s15', 0, 0, 0, 2),
(284, 'r7s1', 0, 0, 0, 2),
(285, 'r7s2', 0, 0, 0, 2),
(286, 'r7s3', 0, 0, 0, 2),
(287, 'r7s4', 0, 0, 0, 2),
(288, 'r7s5', 0, 0, 0, 2),
(289, 'r7s6', 0, 0, 0, 2),
(290, 'r7s7', 0, 0, 0, 2),
(291, 'r7s8', 0, 0, 0, 2),
(292, 'r7s9', 0, 0, 0, 2),
(293, 'r7s10', 0, 0, 0, 2),
(294, 'r7s11', 0, 0, 0, 2),
(295, 'r7s12', 0, 0, 0, 2),
(296, 'r7s13', 0, 0, 0, 2),
(297, 'r7s14', 0, 0, 0, 2),
(298, 'r7s15', 0, 0, 0, 2),
(299, 'r8s1', 0, 0, 0, 2),
(300, 'r8s2', 0, 0, 0, 2),
(301, 'r8s3', 0, 0, 0, 2),
(302, 'r8s4', 0, 0, 0, 2),
(303, 'r8s5', 0, 0, 0, 2),
(304, 'r8s6', 0, 0, 0, 2),
(305, 'r8s7', 0, 0, 0, 2),
(306, 'r8s8', 0, 0, 0, 2),
(307, 'r8s9', 0, 0, 0, 2),
(308, 'r8s10', 0, 0, 0, 2),
(309, 'r8s11', 0, 0, 0, 2),
(310, 'r8s12', 0, 0, 0, 2),
(311, 'r8s13', 0, 0, 0, 2),
(312, 'r8s14', 0, 0, 0, 2),
(313, 'r8s15', 0, 0, 0, 2),
(314, 'r9s1', 0, 0, 0, 2),
(315, 'r9s2', 0, 0, 0, 2),
(316, 'r9s3', 0, 0, 0, 2),
(317, 'r9s4', 0, 0, 0, 2),
(318, 'r9s5', 0, 0, 0, 2),
(319, 'r9s6', 0, 0, 0, 2),
(320, 'r9s7', 0, 0, 0, 2),
(321, 'r9s8', 0, 0, 0, 2),
(322, 'r9s9', 0, 0, 0, 2),
(323, 'r9s10', 0, 0, 0, 2),
(324, 'r9s11', 0, 0, 0, 2),
(325, 'r9s12', 0, 0, 0, 2),
(326, 'r9s13', 0, 0, 0, 2),
(327, 'r9s14', 0, 0, 0, 2),
(328, 'r9s15', 0, 0, 0, 2),
(329, 'r10s1', 0, 0, 0, 2),
(330, 'r10s2', 0, 0, 0, 2),
(331, 'r10s3', 0, 0, 0, 2),
(332, 'r10s4', 0, 0, 0, 2),
(333, 'r10s5', 0, 0, 0, 2),
(334, 'r10s6', 0, 0, 0, 2),
(335, 'r10s7', 0, 0, 0, 2),
(336, 'r10s8', 0, 0, 0, 2),
(337, 'r10s9', 0, 0, 0, 2),
(338, 'r10s10', 0, 0, 0, 2),
(339, 'r10s11', 0, 0, 0, 2),
(340, 'r10s12', 0, 0, 0, 2),
(341, 'r10s13', 0, 0, 0, 2),
(342, 'r10s14', 0, 0, 0, 2),
(343, 'r10s15', 0, 0, 0, 2),
(344, 'r11s1', 0, 0, 0, 2),
(345, 'r11s2', 0, 0, 0, 2),
(346, 'r11s3', 0, 0, 0, 2),
(347, 'r11s4', 0, 0, 0, 2),
(348, 'r11s5', 0, 0, 0, 2),
(349, 'r11s6', 0, 0, 0, 2),
(350, 'r11s7', 0, 0, 0, 2),
(351, 'r11s8', 0, 0, 0, 2),
(352, 'r11s9', 0, 0, 0, 2),
(353, 'r11s10', 0, 0, 0, 2),
(354, 'r11s11', 0, 0, 0, 2),
(355, 'r11s12', 0, 0, 0, 2),
(356, 'r11s13', 0, 0, 0, 2),
(357, 'r11s14', 0, 0, 0, 2),
(358, 'r11s15', 0, 0, 0, 2),
(359, 'r12s1', 0, 0, 0, 2),
(360, 'r12s2', 0, 0, 0, 2),
(361, 'r12s3', 0, 0, 0, 2),
(362, 'r12s4', 0, 0, 0, 2),
(363, 'r12s5', 0, 0, 0, 2),
(364, 'r12s6', 0, 0, 0, 2),
(365, 'r12s7', 0, 0, 0, 2),
(366, 'r12s8', 0, 0, 0, 2),
(367, 'r12s9', 0, 0, 0, 2),
(368, 'r12s10', 0, 0, 0, 2),
(369, 'r12s11', 0, 0, 0, 2),
(370, 'r12s12', 0, 0, 0, 2),
(371, 'r12s13', 0, 0, 0, 2),
(372, 'r12s14', 0, 0, 0, 2),
(373, 'r12s15', 0, 0, 0, 2),
(374, 'r13s1', 0, 0, 0, 2),
(375, 'r13s2', 0, 0, 0, 2),
(376, 'r13s3', 0, 0, 0, 2),
(377, 'r13s4', 0, 0, 0, 2),
(378, 'r13s5', 0, 0, 0, 2),
(379, 'r13s6', 0, 0, 0, 2),
(380, 'r13s7', 0, 0, 0, 2),
(381, 'r13s8', 0, 0, 0, 2),
(382, 'r13s9', 0, 0, 0, 2),
(383, 'r13s10', 0, 0, 0, 2),
(384, 'r13s11', 0, 0, 0, 2),
(385, 'r13s12', 0, 0, 0, 2),
(386, 'r13s13', 0, 0, 0, 2),
(387, 'r13s14', 0, 0, 0, 2),
(388, 'r13s15', 0, 0, 0, 2),
(389, 'r1s1', 0, 0, 0, 3),
(390, 'r1s2', 0, 0, 0, 3),
(391, 'r1s3', 0, 0, 0, 3),
(392, 'r1s4', 1, 0, 0, 3),
(393, 'r1s5', 1, 0, 0, 3),
(394, 'r1s6', 0, 0, 0, 3),
(395, 'r1s7', 0, 1, 0, 3),
(396, 'r1s8', 0, 1, 0, 3),
(397, 'r1s9', 0, 0, 0, 3),
(398, 'r1s10', 1, 0, 0, 3),
(399, 'r1s11', 1, 0, 0, 3),
(400, 'r1s12', 1, 0, 0, 3),
(401, 'r1s13', 1, 0, 0, 3),
(402, 'r1s14', 1, 0, 0, 3),
(403, 'r1s15', 0, 0, 0, 3),
(404, 'r1s16', 0, 0, 0, 3),
(405, 'r1s17', 1, 0, 0, 3),
(406, 'r1s18', 1, 0, 0, 3),
(407, 'r2s1', 0, 0, 0, 3),
(408, 'r2s2', 0, 0, 0, 3),
(409, 'r2s3', 0, 0, 0, 3),
(410, 'r2s4', 1, 0, 0, 3),
(411, 'r2s5', 1, 0, 0, 3),
(412, 'r2s6', 1, 0, 0, 3),
(413, 'r2s7', 0, 0, 0, 3),
(414, 'r2s8', 0, 0, 0, 3),
(415, 'r2s9', 0, 0, 0, 3),
(416, 'r2s10', 0, 0, 0, 3),
(417, 'r2s11', 0, 0, 0, 3),
(418, 'r2s12', 0, 0, 0, 3),
(419, 'r2s13', 1, 0, 0, 3),
(420, 'r2s14', 1, 0, 0, 3),
(421, 'r2s15', 0, 0, 0, 3),
(422, 'r2s16', 0, 0, 0, 3),
(423, 'r2s17', 0, 0, 0, 3),
(424, 'r2s18', 0, 0, 0, 3),
(425, 'r3s1', 0, 0, 0, 3),
(426, 'r3s2', 0, 0, 0, 3),
(427, 'r3s3', 0, 0, 0, 3),
(428, 'r3s4', 0, 0, 0, 3),
(429, 'r3s5', 0, 0, 0, 3),
(430, 'r3s6', 0, 0, 0, 3),
(431, 'r3s7', 0, 0, 0, 3),
(432, 'r3s8', 0, 0, 0, 3),
(433, 'r3s9', 0, 0, 0, 3),
(434, 'r3s10', 1, 0, 0, 3),
(435, 'r3s11', 1, 0, 0, 3),
(436, 'r3s12', 0, 0, 0, 3),
(437, 'r3s13', 0, 0, 0, 3),
(438, 'r3s14', 0, 0, 0, 3),
(439, 'r3s15', 0, 0, 0, 3),
(440, 'r3s16', 0, 0, 0, 3),
(441, 'r3s17', 0, 0, 0, 3),
(442, 'r3s18', 0, 0, 0, 3),
(443, 'r4s1', 0, 0, 0, 3),
(444, 'r4s2', 0, 0, 0, 3),
(445, 'r4s3', 0, 0, 0, 3),
(446, 'r4s4', 1, 0, 0, 3),
(447, 'r4s5', 1, 0, 0, 3),
(448, 'r4s6', 0, 0, 0, 3),
(449, 'r4s7', 0, 0, 0, 3),
(450, 'r4s8', 0, 0, 0, 3),
(451, 'r4s9', 0, 0, 0, 3),
(452, 'r4s10', 1, 0, 0, 3),
(453, 'r4s11', 1, 0, 0, 3),
(454, 'r4s12', 0, 0, 0, 3),
(455, 'r4s13', 0, 0, 0, 3),
(456, 'r4s14', 0, 0, 0, 3),
(457, 'r4s15', 0, 0, 0, 3),
(458, 'r4s16', 0, 0, 0, 3),
(459, 'r4s17', 0, 0, 0, 3),
(460, 'r4s18', 0, 0, 0, 3),
(461, 'r5s1', 0, 0, 0, 3),
(462, 'r5s2', 0, 0, 0, 3),
(463, 'r5s3', 0, 0, 0, 3),
(464, 'r5s4', 0, 0, 0, 3),
(465, 'r5s5', 0, 0, 0, 3),
(466, 'r5s6', 1, 0, 0, 3),
(467, 'r5s7', 0, 0, 0, 3),
(468, 'r5s8', 0, 0, 0, 3),
(469, 'r5s9', 0, 0, 0, 3),
(470, 'r5s10', 0, 0, 0, 3),
(471, 'r5s11', 0, 0, 0, 3),
(472, 'r5s12', 0, 0, 0, 3),
(473, 'r5s13', 0, 0, 0, 3),
(474, 'r5s14', 0, 0, 0, 3),
(475, 'r5s15', 0, 0, 0, 3),
(476, 'r5s16', 0, 0, 0, 3),
(477, 'r5s17', 0, 0, 0, 3),
(478, 'r5s18', 0, 0, 0, 3),
(479, 'r6s1', 0, 0, 0, 3),
(480, 'r6s2', 0, 0, 0, 3),
(481, 'r6s3', 0, 0, 0, 3),
(482, 'r6s4', 0, 0, 0, 3),
(483, 'r6s5', 0, 0, 0, 3),
(484, 'r6s6', 0, 0, 0, 3),
(485, 'r6s7', 0, 0, 0, 3),
(486, 'r6s8', 0, 0, 0, 3),
(487, 'r6s9', 0, 0, 0, 3),
(488, 'r6s10', 0, 0, 0, 3),
(489, 'r6s11', 0, 0, 0, 3),
(490, 'r6s12', 1, 0, 0, 3),
(491, 'r6s13', 1, 0, 0, 3),
(492, 'r6s14', 1, 0, 0, 3),
(493, 'r6s15', 0, 0, 0, 3),
(494, 'r6s16', 0, 0, 0, 3),
(495, 'r6s17', 0, 0, 0, 3),
(496, 'r6s18', 0, 0, 0, 3),
(497, 'r7s1', 0, 0, 0, 3),
(498, 'r7s2', 0, 0, 0, 3),
(499, 'r7s3', 0, 0, 0, 3),
(500, 'r7s4', 0, 0, 0, 3),
(501, 'r7s5', 0, 0, 0, 3),
(502, 'r7s6', 0, 0, 0, 3),
(503, 'r7s7', 0, 0, 0, 3),
(504, 'r7s8', 0, 0, 0, 3),
(505, 'r7s9', 0, 0, 0, 3),
(506, 'r7s10', 0, 0, 0, 3),
(507, 'r7s11', 0, 0, 0, 3),
(508, 'r7s12', 0, 0, 0, 3),
(509, 'r7s13', 0, 0, 0, 3),
(510, 'r7s14', 0, 0, 0, 3),
(511, 'r7s15', 0, 0, 0, 3),
(512, 'r7s16', 0, 0, 0, 3),
(513, 'r7s17', 0, 0, 0, 3),
(514, 'r7s18', 0, 0, 0, 3),
(515, 'r8s1', 0, 0, 0, 3),
(516, 'r8s2', 0, 0, 0, 3),
(517, 'r8s3', 0, 0, 0, 3),
(518, 'r8s4', 0, 0, 0, 3),
(519, 'r8s5', 0, 0, 0, 3),
(520, 'r8s6', 0, 0, 0, 3),
(521, 'r8s7', 0, 0, 0, 3),
(522, 'r8s8', 0, 0, 0, 3),
(523, 'r8s9', 0, 0, 0, 3),
(524, 'r8s10', 0, 0, 0, 3),
(525, 'r8s11', 0, 0, 0, 3),
(526, 'r8s12', 0, 0, 0, 3),
(527, 'r8s13', 0, 0, 0, 3),
(528, 'r8s14', 0, 0, 0, 3),
(529, 'r8s15', 0, 0, 0, 3),
(530, 'r8s16', 0, 0, 0, 3),
(531, 'r8s17', 0, 0, 0, 3),
(532, 'r8s18', 0, 0, 0, 3),
(533, 'r9s1', 0, 0, 0, 3),
(534, 'r9s2', 0, 0, 0, 3),
(535, 'r9s3', 0, 0, 0, 3),
(536, 'r9s4', 0, 0, 0, 3),
(537, 'r9s5', 0, 0, 0, 3),
(538, 'r9s6', 0, 0, 0, 3),
(539, 'r9s7', 0, 0, 0, 3),
(540, 'r9s8', 0, 0, 0, 3),
(541, 'r9s9', 0, 0, 0, 3),
(542, 'r9s10', 0, 0, 0, 3),
(543, 'r9s11', 0, 0, 0, 3),
(544, 'r9s12', 0, 0, 0, 3),
(545, 'r9s13', 0, 0, 0, 3),
(546, 'r9s14', 0, 0, 0, 3),
(547, 'r9s15', 0, 0, 0, 3),
(548, 'r9s16', 0, 0, 0, 3),
(549, 'r9s17', 0, 0, 0, 3),
(550, 'r9s18', 0, 0, 0, 3),
(551, 'r10s1', 0, 0, 0, 3),
(552, 'r10s2', 0, 0, 0, 3),
(553, 'r10s3', 0, 0, 0, 3),
(554, 'r10s4', 0, 0, 0, 3),
(555, 'r10s5', 0, 0, 0, 3),
(556, 'r10s6', 0, 0, 0, 3),
(557, 'r10s7', 0, 0, 0, 3),
(558, 'r10s8', 0, 0, 0, 3),
(559, 'r10s9', 0, 0, 0, 3),
(560, 'r10s10', 0, 0, 0, 3),
(561, 'r10s11', 0, 0, 0, 3),
(562, 'r10s12', 0, 0, 0, 3),
(563, 'r10s13', 0, 0, 0, 3),
(564, 'r10s14', 0, 0, 0, 3),
(565, 'r10s15', 0, 0, 0, 3),
(566, 'r10s16', 0, 0, 0, 3),
(567, 'r10s17', 0, 0, 0, 3),
(568, 'r10s18', 0, 0, 0, 3),
(569, 'r11s1', 0, 0, 0, 3),
(570, 'r11s2', 0, 0, 0, 3),
(571, 'r11s3', 0, 0, 0, 3),
(572, 'r11s4', 0, 0, 0, 3),
(573, 'r11s5', 0, 0, 0, 3),
(574, 'r11s6', 0, 0, 0, 3),
(575, 'r11s7', 0, 0, 0, 3),
(576, 'r11s8', 0, 0, 0, 3),
(577, 'r11s9', 0, 0, 0, 3),
(578, 'r11s10', 0, 0, 0, 3),
(579, 'r11s11', 0, 0, 0, 3),
(580, 'r11s12', 0, 0, 0, 3),
(581, 'r11s13', 0, 0, 0, 3),
(582, 'r11s14', 0, 0, 0, 3),
(583, 'r11s15', 0, 0, 0, 3),
(584, 'r11s16', 0, 0, 0, 3),
(585, 'r11s17', 0, 0, 0, 3),
(586, 'r11s18', 0, 0, 0, 3),
(587, 'r12s1', 0, 0, 0, 3),
(588, 'r12s2', 0, 0, 0, 3),
(589, 'r12s3', 0, 0, 0, 3),
(590, 'r12s4', 0, 0, 0, 3),
(591, 'r12s5', 0, 0, 0, 3),
(592, 'r12s6', 0, 0, 0, 3),
(593, 'r12s7', 0, 0, 0, 3),
(594, 'r12s8', 0, 0, 0, 3),
(595, 'r12s9', 0, 0, 0, 3),
(596, 'r12s10', 0, 0, 0, 3),
(597, 'r12s11', 0, 0, 0, 3),
(598, 'r12s12', 0, 0, 0, 3),
(599, 'r12s13', 0, 0, 0, 3),
(600, 'r12s14', 0, 0, 0, 3),
(601, 'r12s15', 0, 0, 0, 3),
(602, 'r12s16', 0, 0, 0, 3),
(603, 'r12s17', 0, 0, 0, 3),
(604, 'r12s18', 0, 0, 0, 3),
(605, 'r13s1', 0, 0, 0, 3),
(606, 'r13s2', 0, 0, 0, 3),
(607, 'r13s3', 0, 0, 0, 3),
(608, 'r13s4', 0, 0, 0, 3),
(609, 'r13s5', 0, 0, 0, 3),
(610, 'r13s6', 0, 0, 0, 3),
(611, 'r13s7', 0, 0, 0, 3),
(612, 'r13s8', 0, 0, 0, 3),
(613, 'r13s9', 0, 0, 0, 3),
(614, 'r13s10', 0, 0, 0, 3),
(615, 'r13s11', 0, 0, 0, 3),
(616, 'r13s12', 0, 0, 0, 3),
(617, 'r13s13', 0, 0, 0, 3),
(618, 'r13s14', 0, 0, 0, 3),
(619, 'r13s15', 0, 0, 0, 3),
(620, 'r13s16', 0, 0, 0, 3),
(621, 'r13s17', 0, 0, 0, 3),
(622, 'r13s18', 0, 0, 0, 3),
(623, 'r14s1', 0, 0, 0, 3),
(624, 'r14s2', 0, 0, 0, 3),
(625, 'r14s3', 0, 0, 0, 3),
(626, 'r14s4', 0, 0, 0, 3),
(627, 'r14s5', 0, 0, 0, 3),
(628, 'r14s6', 0, 0, 0, 3),
(629, 'r14s7', 0, 0, 0, 3),
(630, 'r14s8', 0, 0, 0, 3),
(631, 'r14s9', 0, 0, 0, 3),
(632, 'r14s10', 0, 0, 0, 3),
(633, 'r14s11', 0, 0, 0, 3),
(634, 'r14s12', 0, 0, 0, 3),
(635, 'r14s13', 0, 0, 0, 3),
(636, 'r14s14', 0, 0, 0, 3),
(637, 'r14s15', 0, 0, 0, 3),
(638, 'r14s16', 0, 0, 0, 3),
(639, 'r14s17', 0, 0, 0, 3),
(640, 'r14s18', 0, 0, 0, 3),
(641, 'r1s1', 1, 0, 0, 4),
(642, 'r1s2', 0, 0, 0, 4),
(643, 'r1s3', 0, 0, 0, 4),
(644, 'r1s4', 0, 0, 0, 4),
(645, 'r1s5', 1, 0, 0, 4),
(646, 'r1s6', 1, 0, 0, 4),
(647, 'r1s7', 0, 1, 0, 4),
(648, 'r1s8', 0, 1, 0, 4),
(649, 'r1s9', 0, 0, 0, 4),
(650, 'r1s10', 1, 0, 0, 4),
(651, 'r1s11', 1, 0, 0, 4),
(652, 'r1s12', 0, 0, 0, 4),
(653, 'r1s13', 1, 0, 0, 4),
(654, 'r1s14', 1, 0, 0, 4),
(655, 'r1s15', 0, 0, 0, 4),
(656, 'r1s16', 0, 0, 0, 4),
(657, 'r1s17', 0, 0, 0, 4),
(658, 'r1s18', 0, 0, 0, 4),
(659, 'r2s1', 0, 0, 0, 4),
(660, 'r2s2', 0, 0, 0, 4),
(661, 'r2s3', 0, 0, 0, 4),
(662, 'r2s4', 0, 0, 0, 4),
(663, 'r2s5', 0, 0, 0, 4),
(664, 'r2s6', 0, 0, 0, 4),
(665, 'r2s7', 1, 0, 0, 4),
(666, 'r2s8', 1, 0, 0, 4),
(667, 'r2s9', 1, 0, 0, 4),
(668, 'r2s10', 1, 0, 0, 4),
(669, 'r2s11', 1, 0, 0, 4),
(670, 'r2s12', 0, 0, 0, 4),
(671, 'r2s13', 0, 0, 0, 4),
(672, 'r2s14', 0, 0, 0, 4),
(673, 'r2s15', 0, 0, 0, 4),
(674, 'r2s16', 0, 0, 0, 4),
(675, 'r2s17', 0, 0, 0, 4),
(676, 'r2s18', 0, 0, 0, 4),
(677, 'r3s1', 0, 0, 0, 4),
(678, 'r3s2', 0, 0, 0, 4),
(679, 'r3s3', 1, 0, 0, 4),
(680, 'r3s4', 0, 0, 0, 4),
(681, 'r3s5', 0, 0, 0, 4),
(682, 'r3s6', 0, 0, 0, 4),
(683, 'r3s7', 0, 0, 0, 4),
(684, 'r3s8', 0, 0, 0, 4),
(685, 'r3s9', 0, 0, 0, 4),
(686, 'r3s10', 0, 0, 0, 4),
(687, 'r3s11', 0, 0, 0, 4),
(688, 'r3s12', 1, 0, 0, 4),
(689, 'r3s13', 1, 0, 0, 4),
(690, 'r3s14', 1, 0, 0, 4),
(691, 'r3s15', 0, 0, 0, 4),
(692, 'r3s16', 0, 0, 0, 4),
(693, 'r3s17', 0, 0, 0, 4),
(694, 'r3s18', 0, 0, 0, 4),
(695, 'r4s1', 0, 0, 0, 4),
(696, 'r4s2', 0, 0, 0, 4),
(697, 'r4s3', 0, 0, 0, 4),
(698, 'r4s4', 0, 0, 0, 4),
(699, 'r4s5', 0, 0, 0, 4),
(700, 'r4s6', 0, 0, 0, 4),
(701, 'r4s7', 0, 0, 0, 4),
(702, 'r4s8', 0, 0, 0, 4),
(703, 'r4s9', 0, 0, 0, 4),
(704, 'r4s10', 0, 0, 0, 4),
(705, 'r4s11', 0, 0, 0, 4),
(706, 'r4s12', 0, 0, 0, 4),
(707, 'r4s13', 1, 0, 0, 4),
(708, 'r4s14', 1, 0, 0, 4),
(709, 'r4s15', 0, 0, 0, 4),
(710, 'r4s16', 0, 0, 0, 4),
(711, 'r4s17', 0, 0, 0, 4),
(712, 'r4s18', 0, 0, 0, 4),
(713, 'r5s1', 0, 0, 0, 4),
(714, 'r5s2', 0, 0, 0, 4),
(715, 'r5s3', 0, 0, 0, 4),
(716, 'r5s4', 0, 0, 0, 4),
(717, 'r5s5', 0, 0, 0, 4),
(718, 'r5s6', 0, 0, 0, 4),
(719, 'r5s7', 0, 0, 0, 4),
(720, 'r5s8', 0, 0, 0, 4),
(721, 'r5s9', 0, 0, 0, 4),
(722, 'r5s10', 0, 0, 0, 4),
(723, 'r5s11', 0, 0, 0, 4),
(724, 'r5s12', 0, 0, 0, 4),
(725, 'r5s13', 0, 0, 0, 4),
(726, 'r5s14', 0, 0, 0, 4),
(727, 'r5s15', 0, 0, 0, 4),
(728, 'r5s16', 0, 0, 0, 4),
(729, 'r5s17', 0, 0, 0, 4),
(730, 'r5s18', 0, 0, 0, 4),
(731, 'r6s1', 0, 0, 0, 4),
(732, 'r6s2', 0, 0, 0, 4),
(733, 'r6s3', 0, 0, 0, 4),
(734, 'r6s4', 0, 0, 0, 4),
(735, 'r6s5', 1, 0, 0, 4),
(736, 'r6s6', 1, 0, 0, 4),
(737, 'r6s7', 1, 0, 0, 4),
(738, 'r6s8', 0, 0, 0, 4),
(739, 'r6s9', 0, 0, 0, 4),
(740, 'r6s10', 0, 0, 0, 4),
(741, 'r6s11', 0, 0, 0, 4),
(742, 'r6s12', 0, 0, 0, 4),
(743, 'r6s13', 0, 0, 0, 4),
(744, 'r6s14', 0, 0, 0, 4),
(745, 'r6s15', 0, 0, 0, 4),
(746, 'r6s16', 0, 0, 0, 4),
(747, 'r6s17', 0, 0, 0, 4),
(748, 'r6s18', 0, 0, 0, 4),
(749, 'r7s1', 0, 0, 0, 4),
(750, 'r7s2', 0, 0, 0, 4),
(751, 'r7s3', 0, 0, 0, 4),
(752, 'r7s4', 0, 0, 0, 4),
(753, 'r7s5', 0, 0, 0, 4),
(754, 'r7s6', 0, 0, 0, 4),
(755, 'r7s7', 0, 0, 0, 4),
(756, 'r7s8', 0, 0, 0, 4),
(757, 'r7s9', 0, 0, 0, 4),
(758, 'r7s10', 0, 0, 0, 4),
(759, 'r7s11', 0, 0, 0, 4),
(760, 'r7s12', 0, 0, 0, 4),
(761, 'r7s13', 0, 0, 0, 4),
(762, 'r7s14', 0, 0, 0, 4),
(763, 'r7s15', 0, 0, 0, 4),
(764, 'r7s16', 0, 0, 0, 4),
(765, 'r7s17', 0, 0, 0, 4),
(766, 'r7s18', 0, 0, 0, 4),
(767, 'r8s1', 0, 0, 0, 4),
(768, 'r8s2', 0, 0, 0, 4),
(769, 'r8s3', 0, 0, 0, 4),
(770, 'r8s4', 0, 0, 0, 4),
(771, 'r8s5', 0, 0, 0, 4),
(772, 'r8s6', 0, 0, 0, 4),
(773, 'r8s7', 0, 0, 0, 4),
(774, 'r8s8', 0, 0, 0, 4),
(775, 'r8s9', 0, 0, 0, 4),
(776, 'r8s10', 0, 0, 0, 4),
(777, 'r8s11', 0, 0, 0, 4),
(778, 'r8s12', 0, 0, 0, 4),
(779, 'r8s13', 0, 0, 0, 4),
(780, 'r8s14', 0, 0, 0, 4),
(781, 'r8s15', 0, 0, 0, 4),
(782, 'r8s16', 0, 0, 0, 4),
(783, 'r8s17', 0, 0, 0, 4),
(784, 'r8s18', 0, 0, 0, 4),
(785, 'r9s1', 0, 0, 0, 4),
(786, 'r9s2', 0, 0, 0, 4),
(787, 'r9s3', 0, 0, 0, 4),
(788, 'r9s4', 0, 0, 0, 4),
(789, 'r9s5', 0, 0, 0, 4),
(790, 'r9s6', 0, 0, 0, 4),
(791, 'r9s7', 0, 0, 0, 4),
(792, 'r9s8', 0, 0, 0, 4),
(793, 'r9s9', 0, 0, 0, 4),
(794, 'r9s10', 0, 0, 0, 4),
(795, 'r9s11', 0, 0, 0, 4),
(796, 'r9s12', 0, 0, 0, 4),
(797, 'r9s13', 0, 0, 0, 4),
(798, 'r9s14', 0, 0, 0, 4),
(799, 'r9s15', 0, 0, 0, 4),
(800, 'r9s16', 0, 0, 0, 4),
(801, 'r9s17', 0, 0, 0, 4),
(802, 'r9s18', 0, 0, 0, 4),
(803, 'r10s1', 0, 0, 0, 4),
(804, 'r10s2', 0, 0, 0, 4),
(805, 'r10s3', 0, 0, 0, 4),
(806, 'r10s4', 0, 0, 0, 4),
(807, 'r10s5', 0, 0, 0, 4),
(808, 'r10s6', 0, 0, 0, 4),
(809, 'r10s7', 0, 0, 0, 4),
(810, 'r10s8', 0, 0, 0, 4),
(811, 'r10s9', 0, 0, 0, 4),
(812, 'r10s10', 0, 0, 0, 4),
(813, 'r10s11', 0, 0, 0, 4),
(814, 'r10s12', 0, 0, 0, 4),
(815, 'r10s13', 0, 0, 0, 4),
(816, 'r10s14', 0, 0, 0, 4),
(817, 'r10s15', 0, 0, 0, 4),
(818, 'r10s16', 0, 0, 0, 4),
(819, 'r10s17', 0, 0, 0, 4),
(820, 'r10s18', 0, 0, 0, 4),
(821, 'r11s1', 0, 0, 0, 4),
(822, 'r11s2', 0, 0, 0, 4),
(823, 'r11s3', 0, 0, 0, 4),
(824, 'r11s4', 0, 0, 0, 4),
(825, 'r11s5', 0, 0, 0, 4),
(826, 'r11s6', 0, 0, 0, 4),
(827, 'r11s7', 0, 0, 0, 4),
(828, 'r11s8', 0, 0, 0, 4),
(829, 'r11s9', 0, 0, 0, 4),
(830, 'r11s10', 0, 0, 0, 4),
(831, 'r11s11', 0, 0, 0, 4),
(832, 'r11s12', 0, 0, 0, 4),
(833, 'r11s13', 0, 0, 0, 4),
(834, 'r11s14', 0, 0, 0, 4),
(835, 'r11s15', 0, 0, 0, 4),
(836, 'r11s16', 0, 0, 0, 4),
(837, 'r11s17', 0, 0, 0, 4),
(838, 'r11s18', 0, 0, 0, 4),
(839, 'r12s1', 0, 0, 0, 4),
(840, 'r12s2', 0, 0, 0, 4),
(841, 'r12s3', 0, 0, 0, 4),
(842, 'r12s4', 0, 0, 0, 4),
(843, 'r12s5', 0, 0, 0, 4),
(844, 'r12s6', 0, 0, 0, 4),
(845, 'r12s7', 0, 0, 0, 4),
(846, 'r12s8', 0, 0, 0, 4),
(847, 'r12s9', 0, 0, 0, 4),
(848, 'r12s10', 0, 0, 0, 4),
(849, 'r12s11', 0, 0, 0, 4),
(850, 'r12s12', 0, 0, 0, 4),
(851, 'r12s13', 0, 0, 0, 4),
(852, 'r12s14', 0, 0, 0, 4),
(853, 'r12s15', 0, 0, 0, 4),
(854, 'r12s16', 0, 0, 0, 4),
(855, 'r12s17', 0, 0, 0, 4),
(856, 'r12s18', 0, 0, 0, 4),
(857, 'r13s1', 0, 0, 0, 4),
(858, 'r13s2', 0, 0, 0, 4),
(859, 'r13s3', 0, 0, 0, 4),
(860, 'r13s4', 0, 0, 0, 4),
(861, 'r13s5', 0, 0, 0, 4),
(862, 'r13s6', 0, 0, 0, 4),
(863, 'r13s7', 0, 0, 0, 4),
(864, 'r13s8', 0, 0, 0, 4),
(865, 'r13s9', 0, 0, 0, 4),
(866, 'r13s10', 0, 0, 0, 4),
(867, 'r13s11', 0, 0, 0, 4),
(868, 'r13s12', 0, 0, 0, 4),
(869, 'r13s13', 0, 0, 0, 4),
(870, 'r13s14', 0, 0, 0, 4),
(871, 'r13s15', 0, 0, 0, 4),
(872, 'r13s16', 0, 0, 0, 4),
(873, 'r13s17', 0, 0, 0, 4),
(874, 'r13s18', 0, 0, 0, 4),
(875, 'r14s1', 0, 0, 0, 4),
(876, 'r14s2', 0, 0, 0, 4),
(877, 'r14s3', 0, 0, 0, 4),
(878, 'r14s4', 0, 0, 0, 4),
(879, 'r14s5', 0, 0, 0, 4),
(880, 'r14s6', 0, 0, 0, 4),
(881, 'r14s7', 0, 0, 0, 4),
(882, 'r14s8', 0, 0, 0, 4),
(883, 'r14s9', 0, 0, 0, 4),
(884, 'r14s10', 0, 0, 0, 4),
(885, 'r14s11', 0, 0, 0, 4),
(886, 'r14s12', 0, 0, 0, 4),
(887, 'r14s13', 0, 0, 0, 4),
(888, 'r14s14', 0, 0, 0, 4),
(889, 'r14s15', 0, 0, 0, 4),
(890, 'r14s16', 0, 0, 0, 4),
(891, 'r14s17', 0, 0, 0, 4),
(892, 'r14s18', 0, 0, 0, 4),
(893, 'r15s1', 0, 0, 0, 4),
(894, 'r15s2', 0, 0, 0, 4),
(895, 'r15s3', 0, 0, 0, 4),
(896, 'r15s4', 0, 0, 0, 4),
(897, 'r15s5', 0, 0, 0, 4),
(898, 'r15s6', 0, 0, 0, 4),
(899, 'r15s7', 0, 0, 0, 4),
(900, 'r15s8', 0, 0, 0, 4),
(901, 'r15s9', 0, 0, 0, 4),
(902, 'r15s10', 0, 0, 0, 4),
(903, 'r15s11', 0, 0, 0, 4),
(904, 'r15s12', 0, 0, 0, 4),
(905, 'r15s13', 0, 0, 0, 4),
(906, 'r15s14', 0, 0, 0, 4),
(907, 'r15s15', 0, 0, 0, 4),
(908, 'r15s16', 0, 0, 0, 4),
(909, 'r15s17', 0, 0, 0, 4),
(910, 'r15s18', 0, 0, 0, 4),
(911, 'r1s1', 1, 0, 0, 5),
(912, 'r1s2', 1, 0, 0, 5),
(913, 'r1s3', 1, 0, 0, 5),
(914, 'r1s4', 0, 0, 0, 5),
(915, 'r1s5', 0, 0, 0, 5),
(916, 'r1s6', 0, 0, 0, 5),
(917, 'r1s7', 0, 1, 0, 5),
(918, 'r1s8', 0, 1, 0, 5),
(919, 'r1s9', 0, 0, 0, 5),
(920, 'r1s10', 0, 0, 0, 5),
(921, 'r1s11', 0, 0, 0, 5),
(922, 'r1s12', 0, 0, 0, 5),
(923, 'r1s13', 0, 0, 0, 5),
(924, 'r1s14', 0, 0, 0, 5),
(925, 'r1s15', 0, 0, 0, 5),
(926, 'r1s16', 0, 0, 0, 5),
(927, 'r1s17', 0, 0, 0, 5),
(928, 'r1s18', 0, 0, 0, 5),
(929, 'r1s19', 0, 0, 0, 5),
(930, 'r1s20', 0, 0, 0, 5),
(931, 'r2s1', 0, 0, 0, 5),
(932, 'r2s2', 0, 0, 0, 5),
(933, 'r2s3', 0, 0, 0, 5),
(934, 'r2s4', 0, 0, 0, 5),
(935, 'r2s5', 0, 0, 0, 5),
(936, 'r2s6', 0, 0, 0, 5),
(937, 'r2s7', 0, 0, 0, 5),
(938, 'r2s8', 0, 0, 0, 5),
(939, 'r2s9', 0, 0, 0, 5),
(940, 'r2s10', 0, 0, 0, 5),
(941, 'r2s11', 0, 0, 0, 5),
(942, 'r2s12', 0, 0, 0, 5),
(943, 'r2s13', 0, 0, 0, 5),
(944, 'r2s14', 0, 0, 0, 5),
(945, 'r2s15', 0, 0, 0, 5),
(946, 'r2s16', 0, 0, 0, 5),
(947, 'r2s17', 0, 0, 0, 5),
(948, 'r2s18', 0, 0, 0, 5),
(949, 'r2s19', 0, 0, 0, 5),
(950, 'r2s20', 0, 0, 0, 5),
(951, 'r3s1', 0, 0, 0, 5),
(952, 'r3s2', 0, 0, 0, 5),
(953, 'r3s3', 0, 0, 0, 5),
(954, 'r3s4', 0, 0, 0, 5),
(955, 'r3s5', 0, 0, 0, 5),
(956, 'r3s6', 0, 0, 0, 5),
(957, 'r3s7', 0, 0, 0, 5),
(958, 'r3s8', 0, 0, 0, 5),
(959, 'r3s9', 0, 0, 0, 5),
(960, 'r3s10', 0, 0, 0, 5),
(961, 'r3s11', 0, 0, 0, 5),
(962, 'r3s12', 0, 0, 0, 5),
(963, 'r3s13', 0, 0, 0, 5),
(964, 'r3s14', 0, 0, 0, 5),
(965, 'r3s15', 0, 0, 0, 5),
(966, 'r3s16', 0, 0, 0, 5),
(967, 'r3s17', 0, 0, 0, 5),
(968, 'r3s18', 0, 0, 0, 5),
(969, 'r3s19', 0, 0, 0, 5),
(970, 'r3s20', 0, 0, 0, 5),
(971, 'r4s1', 0, 0, 0, 5),
(972, 'r4s2', 0, 0, 0, 5),
(973, 'r4s3', 0, 0, 0, 5),
(974, 'r4s4', 0, 0, 0, 5),
(975, 'r4s5', 0, 0, 0, 5),
(976, 'r4s6', 0, 0, 0, 5),
(977, 'r4s7', 0, 0, 0, 5),
(978, 'r4s8', 0, 0, 0, 5),
(979, 'r4s9', 0, 0, 0, 5),
(980, 'r4s10', 0, 0, 0, 5),
(981, 'r4s11', 0, 0, 0, 5),
(982, 'r4s12', 0, 0, 0, 5),
(983, 'r4s13', 0, 0, 0, 5),
(984, 'r4s14', 0, 0, 0, 5),
(985, 'r4s15', 0, 0, 0, 5),
(986, 'r4s16', 0, 0, 0, 5),
(987, 'r4s17', 0, 0, 0, 5),
(988, 'r4s18', 0, 0, 0, 5),
(989, 'r4s19', 0, 0, 0, 5),
(990, 'r4s20', 0, 0, 0, 5),
(991, 'r5s1', 0, 0, 0, 5),
(992, 'r5s2', 0, 0, 0, 5),
(993, 'r5s3', 0, 0, 0, 5),
(994, 'r5s4', 0, 0, 0, 5),
(995, 'r5s5', 0, 0, 0, 5),
(996, 'r5s6', 0, 0, 0, 5),
(997, 'r5s7', 0, 0, 0, 5),
(998, 'r5s8', 0, 0, 0, 5),
(999, 'r5s9', 0, 0, 0, 5),
(1000, 'r5s10', 0, 0, 0, 5),
(1001, 'r5s11', 0, 0, 0, 5),
(1002, 'r5s12', 0, 0, 0, 5),
(1003, 'r5s13', 0, 0, 0, 5),
(1004, 'r5s14', 0, 0, 0, 5),
(1005, 'r5s15', 0, 0, 0, 5),
(1006, 'r5s16', 0, 0, 0, 5),
(1007, 'r5s17', 0, 0, 0, 5),
(1008, 'r5s18', 0, 0, 0, 5),
(1009, 'r5s19', 0, 0, 0, 5),
(1010, 'r5s20', 0, 0, 0, 5),
(1011, 'r6s1', 0, 0, 0, 5),
(1012, 'r6s2', 0, 0, 0, 5),
(1013, 'r6s3', 0, 0, 0, 5),
(1014, 'r6s4', 0, 0, 0, 5),
(1015, 'r6s5', 0, 0, 0, 5),
(1016, 'r6s6', 1, 0, 0, 5),
(1017, 'r6s7', 1, 0, 0, 5),
(1018, 'r6s8', 1, 0, 0, 5),
(1019, 'r6s9', 1, 0, 0, 5),
(1020, 'r6s10', 1, 0, 0, 5),
(1021, 'r6s11', 0, 0, 0, 5),
(1022, 'r6s12', 0, 0, 0, 5),
(1023, 'r6s13', 0, 0, 0, 5),
(1024, 'r6s14', 0, 0, 0, 5),
(1025, 'r6s15', 0, 0, 0, 5),
(1026, 'r6s16', 0, 0, 0, 5),
(1027, 'r6s17', 0, 0, 0, 5),
(1028, 'r6s18', 0, 0, 0, 5),
(1029, 'r6s19', 0, 0, 0, 5),
(1030, 'r6s20', 0, 0, 0, 5),
(1031, 'r7s1', 0, 0, 0, 5),
(1032, 'r7s2', 0, 0, 0, 5),
(1033, 'r7s3', 0, 0, 0, 5),
(1034, 'r7s4', 0, 0, 0, 5),
(1035, 'r7s5', 0, 0, 0, 5),
(1036, 'r7s6', 0, 0, 0, 5),
(1037, 'r7s7', 0, 0, 0, 5),
(1038, 'r7s8', 0, 0, 0, 5),
(1039, 'r7s9', 0, 0, 0, 5),
(1040, 'r7s10', 0, 0, 0, 5),
(1041, 'r7s11', 0, 0, 0, 5),
(1042, 'r7s12', 0, 0, 0, 5),
(1043, 'r7s13', 0, 0, 0, 5),
(1044, 'r7s14', 0, 0, 0, 5),
(1045, 'r7s15', 0, 0, 0, 5),
(1046, 'r7s16', 0, 0, 0, 5),
(1047, 'r7s17', 0, 0, 0, 5),
(1048, 'r7s18', 0, 0, 0, 5),
(1049, 'r7s19', 0, 0, 0, 5),
(1050, 'r7s20', 0, 0, 0, 5),
(1051, 'r8s1', 0, 0, 0, 5),
(1052, 'r8s2', 0, 0, 0, 5),
(1053, 'r8s3', 0, 0, 0, 5),
(1054, 'r8s4', 0, 0, 0, 5),
(1055, 'r8s5', 0, 0, 0, 5),
(1056, 'r8s6', 0, 0, 0, 5),
(1057, 'r8s7', 0, 0, 0, 5),
(1058, 'r8s8', 0, 0, 0, 5),
(1059, 'r8s9', 0, 0, 0, 5),
(1060, 'r8s10', 0, 0, 0, 5),
(1061, 'r8s11', 0, 0, 0, 5),
(1062, 'r8s12', 0, 0, 0, 5),
(1063, 'r8s13', 0, 0, 0, 5),
(1064, 'r8s14', 0, 0, 0, 5),
(1065, 'r8s15', 0, 0, 0, 5),
(1066, 'r8s16', 0, 0, 0, 5),
(1067, 'r8s17', 0, 0, 0, 5),
(1068, 'r8s18', 0, 0, 0, 5),
(1069, 'r8s19', 0, 0, 0, 5),
(1070, 'r8s20', 0, 0, 0, 5),
(1071, 'r9s1', 0, 0, 0, 5),
(1072, 'r9s2', 0, 0, 0, 5),
(1073, 'r9s3', 0, 0, 0, 5),
(1074, 'r9s4', 0, 0, 0, 5),
(1075, 'r9s5', 0, 0, 0, 5),
(1076, 'r9s6', 0, 0, 0, 5),
(1077, 'r9s7', 0, 0, 0, 5),
(1078, 'r9s8', 0, 0, 0, 5),
(1079, 'r9s9', 0, 0, 0, 5),
(1080, 'r9s10', 0, 0, 0, 5),
(1081, 'r9s11', 0, 0, 0, 5),
(1082, 'r9s12', 0, 0, 0, 5),
(1083, 'r9s13', 0, 0, 0, 5),
(1084, 'r9s14', 0, 0, 0, 5),
(1085, 'r9s15', 0, 0, 0, 5),
(1086, 'r9s16', 0, 0, 0, 5),
(1087, 'r9s17', 0, 0, 0, 5),
(1088, 'r9s18', 0, 0, 0, 5),
(1089, 'r9s19', 0, 0, 0, 5),
(1090, 'r9s20', 0, 0, 0, 5),
(1091, 'r10s1', 0, 0, 0, 5),
(1092, 'r10s2', 0, 0, 0, 5),
(1093, 'r10s3', 0, 0, 0, 5),
(1094, 'r10s4', 0, 0, 0, 5),
(1095, 'r10s5', 0, 0, 0, 5),
(1096, 'r10s6', 0, 0, 0, 5),
(1097, 'r10s7', 0, 0, 0, 5),
(1098, 'r10s8', 0, 0, 0, 5),
(1099, 'r10s9', 0, 0, 0, 5),
(1100, 'r10s10', 0, 0, 0, 5),
(1101, 'r10s11', 0, 0, 0, 5),
(1102, 'r10s12', 0, 0, 0, 5),
(1103, 'r10s13', 0, 0, 0, 5),
(1104, 'r10s14', 0, 0, 0, 5),
(1105, 'r10s15', 0, 0, 0, 5),
(1106, 'r10s16', 0, 0, 0, 5),
(1107, 'r10s17', 0, 0, 0, 5),
(1108, 'r10s18', 0, 0, 0, 5),
(1109, 'r10s19', 0, 0, 0, 5),
(1110, 'r10s20', 0, 0, 0, 5),
(1111, 'r11s1', 0, 0, 0, 5),
(1112, 'r11s2', 0, 0, 0, 5),
(1113, 'r11s3', 0, 0, 0, 5),
(1114, 'r11s4', 0, 0, 0, 5),
(1115, 'r11s5', 0, 0, 0, 5),
(1116, 'r11s6', 0, 0, 0, 5),
(1117, 'r11s7', 0, 0, 0, 5),
(1118, 'r11s8', 0, 0, 0, 5),
(1119, 'r11s9', 0, 0, 0, 5),
(1120, 'r11s10', 0, 0, 0, 5),
(1121, 'r11s11', 0, 0, 0, 5),
(1122, 'r11s12', 0, 0, 0, 5),
(1123, 'r11s13', 0, 0, 0, 5),
(1124, 'r11s14', 0, 0, 0, 5),
(1125, 'r11s15', 0, 0, 0, 5),
(1126, 'r11s16', 0, 0, 0, 5),
(1127, 'r11s17', 0, 0, 0, 5),
(1128, 'r11s18', 0, 0, 0, 5),
(1129, 'r11s19', 0, 0, 0, 5),
(1130, 'r11s20', 0, 0, 0, 5),
(1131, 'r12s1', 0, 0, 0, 5),
(1132, 'r12s2', 0, 0, 0, 5),
(1133, 'r12s3', 0, 0, 0, 5),
(1134, 'r12s4', 0, 0, 0, 5),
(1135, 'r12s5', 0, 0, 0, 5),
(1136, 'r12s6', 0, 0, 0, 5),
(1137, 'r12s7', 0, 0, 0, 5),
(1138, 'r12s8', 0, 0, 0, 5),
(1139, 'r12s9', 0, 0, 0, 5),
(1140, 'r12s10', 0, 0, 0, 5),
(1141, 'r12s11', 0, 0, 0, 5),
(1142, 'r12s12', 0, 0, 0, 5),
(1143, 'r12s13', 0, 0, 0, 5),
(1144, 'r12s14', 0, 0, 0, 5),
(1145, 'r12s15', 0, 0, 0, 5),
(1146, 'r12s16', 0, 0, 0, 5),
(1147, 'r12s17', 0, 0, 0, 5),
(1148, 'r12s18', 0, 0, 0, 5),
(1149, 'r12s19', 0, 0, 0, 5),
(1150, 'r12s20', 0, 0, 0, 5),
(1151, 'r13s1', 0, 0, 0, 5),
(1152, 'r13s2', 0, 0, 0, 5),
(1153, 'r13s3', 0, 0, 0, 5),
(1154, 'r13s4', 0, 0, 0, 5),
(1155, 'r13s5', 0, 0, 0, 5),
(1156, 'r13s6', 0, 0, 0, 5),
(1157, 'r13s7', 0, 0, 0, 5),
(1158, 'r13s8', 0, 0, 0, 5),
(1159, 'r13s9', 0, 0, 0, 5),
(1160, 'r13s10', 0, 0, 0, 5),
(1161, 'r13s11', 0, 0, 0, 5),
(1162, 'r13s12', 0, 0, 0, 5),
(1163, 'r13s13', 0, 0, 0, 5),
(1164, 'r13s14', 0, 0, 0, 5),
(1165, 'r13s15', 0, 0, 0, 5),
(1166, 'r13s16', 0, 0, 0, 5),
(1167, 'r13s17', 0, 0, 0, 5),
(1168, 'r13s18', 0, 0, 0, 5),
(1169, 'r13s19', 0, 0, 0, 5),
(1170, 'r13s20', 0, 0, 0, 5),
(1171, 'r14s1', 0, 0, 0, 5),
(1172, 'r14s2', 0, 0, 0, 5),
(1173, 'r14s3', 0, 0, 0, 5),
(1174, 'r14s4', 0, 0, 0, 5),
(1175, 'r14s5', 0, 0, 0, 5),
(1176, 'r14s6', 0, 0, 0, 5),
(1177, 'r14s7', 0, 0, 0, 5),
(1178, 'r14s8', 0, 0, 0, 5),
(1179, 'r14s9', 0, 0, 0, 5),
(1180, 'r14s10', 0, 0, 0, 5),
(1181, 'r14s11', 0, 0, 0, 5),
(1182, 'r14s12', 0, 0, 0, 5),
(1183, 'r14s13', 0, 0, 0, 5),
(1184, 'r14s14', 0, 0, 0, 5),
(1185, 'r14s15', 0, 0, 0, 5),
(1186, 'r14s16', 0, 0, 0, 5),
(1187, 'r14s17', 0, 0, 0, 5),
(1188, 'r14s18', 0, 0, 0, 5),
(1189, 'r14s19', 0, 0, 0, 5),
(1190, 'r14s20', 0, 0, 0, 5),
(1191, 'r15s1', 0, 0, 0, 5),
(1192, 'r15s2', 0, 0, 0, 5),
(1193, 'r15s3', 0, 0, 0, 5),
(1194, 'r15s4', 0, 0, 0, 5),
(1195, 'r15s5', 0, 0, 0, 5),
(1196, 'r15s6', 0, 0, 0, 5),
(1197, 'r15s7', 0, 0, 0, 5),
(1198, 'r15s8', 0, 0, 0, 5),
(1199, 'r15s9', 0, 0, 0, 5),
(1200, 'r15s10', 0, 0, 0, 5),
(1201, 'r15s11', 0, 0, 0, 5),
(1202, 'r15s12', 0, 0, 0, 5),
(1203, 'r15s13', 0, 0, 0, 5),
(1204, 'r15s14', 0, 0, 0, 5),
(1205, 'r15s15', 0, 0, 0, 5),
(1206, 'r15s16', 0, 0, 0, 5),
(1207, 'r15s17', 0, 0, 0, 5),
(1208, 'r15s18', 0, 0, 0, 5),
(1209, 'r15s19', 0, 0, 0, 5),
(1210, 'r15s20', 0, 0, 0, 5),
(1211, 'r16s1', 0, 0, 0, 5),
(1212, 'r16s2', 0, 0, 0, 5),
(1213, 'r16s3', 0, 0, 0, 5),
(1214, 'r16s4', 0, 0, 0, 5),
(1215, 'r16s5', 0, 0, 0, 5),
(1216, 'r16s6', 0, 0, 0, 5),
(1217, 'r16s7', 0, 0, 0, 5),
(1218, 'r16s8', 0, 0, 0, 5),
(1219, 'r16s9', 0, 0, 0, 5),
(1220, 'r16s10', 0, 0, 0, 5),
(1221, 'r16s11', 0, 0, 0, 5),
(1222, 'r16s12', 0, 0, 0, 5),
(1223, 'r16s13', 0, 0, 0, 5),
(1224, 'r16s14', 0, 0, 0, 5),
(1225, 'r16s15', 0, 0, 0, 5),
(1226, 'r16s16', 0, 0, 0, 5),
(1227, 'r16s17', 0, 0, 0, 5),
(1228, 'r16s18', 0, 0, 0, 5),
(1229, 'r16s19', 0, 0, 0, 5),
(1230, 'r16s20', 0, 0, 0, 5),
(1231, 'r17s1', 0, 0, 0, 5),
(1232, 'r17s2', 0, 0, 0, 5),
(1233, 'r17s3', 0, 0, 0, 5),
(1234, 'r17s4', 0, 0, 0, 5),
(1235, 'r17s5', 0, 0, 0, 5),
(1236, 'r17s6', 0, 0, 0, 5),
(1237, 'r17s7', 0, 0, 0, 5),
(1238, 'r17s8', 0, 0, 0, 5),
(1239, 'r17s9', 0, 0, 0, 5),
(1240, 'r17s10', 0, 0, 0, 5),
(1241, 'r17s11', 0, 0, 0, 5),
(1242, 'r17s12', 0, 0, 0, 5),
(1243, 'r17s13', 0, 0, 0, 5),
(1244, 'r17s14', 0, 0, 0, 5),
(1245, 'r17s15', 0, 0, 0, 5),
(1246, 'r17s16', 0, 0, 0, 5),
(1247, 'r17s17', 0, 0, 0, 5),
(1248, 'r17s18', 0, 0, 0, 5),
(1249, 'r17s19', 0, 0, 0, 5),
(1250, 'r17s20', 0, 0, 0, 5),
(1251, 'r18s1', 0, 0, 0, 5),
(1252, 'r18s2', 0, 0, 0, 5),
(1253, 'r18s3', 0, 0, 0, 5),
(1254, 'r18s4', 0, 0, 0, 5),
(1255, 'r18s5', 0, 0, 0, 5),
(1256, 'r18s6', 0, 0, 0, 5),
(1257, 'r18s7', 0, 0, 0, 5),
(1258, 'r18s8', 0, 0, 0, 5),
(1259, 'r18s9', 0, 0, 0, 5),
(1260, 'r18s10', 0, 0, 0, 5),
(1261, 'r18s11', 0, 0, 0, 5),
(1262, 'r18s12', 0, 0, 0, 5),
(1263, 'r18s13', 0, 0, 0, 5),
(1264, 'r18s14', 0, 0, 0, 5),
(1265, 'r18s15', 0, 0, 0, 5),
(1266, 'r18s16', 0, 0, 0, 5),
(1267, 'r18s17', 0, 0, 0, 5),
(1268, 'r18s18', 0, 0, 0, 5),
(1269, 'r18s19', 0, 0, 0, 5),
(1270, 'r18s20', 0, 0, 0, 5),
(1271, 'r1s1', 0, 0, 0, 6),
(1272, 'r1s2', 0, 0, 0, 6),
(1273, 'r1s3', 0, 0, 0, 6),
(1274, 'r1s4', 0, 0, 0, 6),
(1275, 'r1s5', 0, 0, 0, 6),
(1276, 'r1s6', 0, 0, 0, 6),
(1277, 'r1s7', 0, 1, 0, 6),
(1278, 'r1s8', 0, 1, 0, 6),
(1279, 'r1s9', 0, 0, 0, 6),
(1280, 'r1s10', 0, 0, 0, 6),
(1281, 'r1s11', 0, 0, 0, 6),
(1282, 'r1s12', 0, 0, 0, 6),
(1283, 'r1s13', 0, 0, 0, 6),
(1284, 'r1s14', 0, 0, 0, 6),
(1285, 'r1s15', 0, 0, 0, 6),
(1286, 'r1s16', 0, 0, 0, 6),
(1287, 'r1s17', 0, 0, 0, 6),
(1288, 'r1s18', 0, 0, 0, 6),
(1289, 'r1s19', 0, 0, 0, 6),
(1290, 'r1s20', 0, 0, 0, 6),
(1291, 'r2s1', 0, 0, 0, 6),
(1292, 'r2s2', 0, 0, 0, 6),
(1293, 'r2s3', 0, 0, 0, 6),
(1294, 'r2s4', 0, 0, 0, 6),
(1295, 'r2s5', 0, 0, 0, 6),
(1296, 'r2s6', 0, 0, 0, 6),
(1297, 'r2s7', 0, 0, 0, 6),
(1298, 'r2s8', 0, 0, 0, 6),
(1299, 'r2s9', 0, 0, 0, 6),
(1300, 'r2s10', 0, 0, 0, 6),
(1301, 'r2s11', 0, 0, 0, 6),
(1302, 'r2s12', 0, 0, 0, 6),
(1303, 'r2s13', 0, 0, 0, 6),
(1304, 'r2s14', 0, 0, 0, 6),
(1305, 'r2s15', 0, 0, 0, 6),
(1306, 'r2s16', 0, 0, 0, 6),
(1307, 'r2s17', 0, 0, 0, 6),
(1308, 'r2s18', 0, 0, 0, 6),
(1309, 'r2s19', 0, 0, 0, 6),
(1310, 'r2s20', 0, 0, 0, 6),
(1311, 'r3s1', 0, 0, 0, 6),
(1312, 'r3s2', 0, 0, 0, 6),
(1313, 'r3s3', 0, 0, 0, 6),
(1314, 'r3s4', 0, 0, 0, 6),
(1315, 'r3s5', 0, 0, 0, 6),
(1316, 'r3s6', 0, 0, 0, 6),
(1317, 'r3s7', 0, 0, 0, 6),
(1318, 'r3s8', 0, 0, 0, 6),
(1319, 'r3s9', 0, 0, 0, 6),
(1320, 'r3s10', 0, 0, 0, 6),
(1321, 'r3s11', 0, 0, 0, 6),
(1322, 'r3s12', 0, 0, 0, 6),
(1323, 'r3s13', 0, 0, 0, 6),
(1324, 'r3s14', 0, 0, 0, 6),
(1325, 'r3s15', 0, 0, 0, 6),
(1326, 'r3s16', 0, 0, 0, 6),
(1327, 'r3s17', 0, 0, 0, 6),
(1328, 'r3s18', 0, 0, 0, 6),
(1329, 'r3s19', 0, 0, 0, 6),
(1330, 'r3s20', 0, 0, 0, 6),
(1331, 'r4s1', 0, 0, 0, 6),
(1332, 'r4s2', 0, 0, 0, 6),
(1333, 'r4s3', 0, 0, 0, 6),
(1334, 'r4s4', 0, 0, 0, 6),
(1335, 'r4s5', 0, 0, 0, 6),
(1336, 'r4s6', 0, 0, 0, 6),
(1337, 'r4s7', 0, 0, 0, 6),
(1338, 'r4s8', 0, 0, 0, 6),
(1339, 'r4s9', 0, 0, 0, 6),
(1340, 'r4s10', 0, 0, 0, 6),
(1341, 'r4s11', 0, 0, 0, 6),
(1342, 'r4s12', 0, 0, 0, 6),
(1343, 'r4s13', 0, 0, 0, 6),
(1344, 'r4s14', 0, 0, 0, 6),
(1345, 'r4s15', 0, 0, 0, 6),
(1346, 'r4s16', 0, 0, 0, 6),
(1347, 'r4s17', 0, 0, 0, 6),
(1348, 'r4s18', 0, 0, 0, 6),
(1349, 'r4s19', 0, 0, 0, 6),
(1350, 'r4s20', 0, 0, 0, 6),
(1351, 'r5s1', 0, 0, 0, 6),
(1352, 'r5s2', 0, 0, 0, 6),
(1353, 'r5s3', 0, 0, 0, 6),
(1354, 'r5s4', 0, 0, 0, 6),
(1355, 'r5s5', 0, 0, 0, 6),
(1356, 'r5s6', 0, 0, 0, 6),
(1357, 'r5s7', 0, 0, 0, 6),
(1358, 'r5s8', 0, 0, 0, 6),
(1359, 'r5s9', 0, 0, 0, 6),
(1360, 'r5s10', 0, 0, 0, 6),
(1361, 'r5s11', 0, 0, 0, 6),
(1362, 'r5s12', 0, 0, 0, 6),
(1363, 'r5s13', 0, 0, 0, 6),
(1364, 'r5s14', 0, 0, 0, 6),
(1365, 'r5s15', 0, 0, 0, 6),
(1366, 'r5s16', 0, 0, 0, 6),
(1367, 'r5s17', 0, 0, 0, 6),
(1368, 'r5s18', 0, 0, 0, 6),
(1369, 'r5s19', 0, 0, 0, 6),
(1370, 'r5s20', 0, 0, 0, 6),
(1371, 'r6s1', 0, 0, 0, 6),
(1372, 'r6s2', 0, 0, 0, 6),
(1373, 'r6s3', 0, 0, 0, 6),
(1374, 'r6s4', 0, 0, 0, 6),
(1375, 'r6s5', 0, 0, 0, 6),
(1376, 'r6s6', 0, 0, 0, 6),
(1377, 'r6s7', 0, 0, 0, 6),
(1378, 'r6s8', 0, 0, 0, 6),
(1379, 'r6s9', 0, 0, 0, 6),
(1380, 'r6s10', 0, 0, 0, 6),
(1381, 'r6s11', 0, 0, 0, 6),
(1382, 'r6s12', 0, 0, 0, 6),
(1383, 'r6s13', 0, 0, 0, 6),
(1384, 'r6s14', 0, 0, 0, 6),
(1385, 'r6s15', 0, 0, 0, 6),
(1386, 'r6s16', 0, 0, 0, 6),
(1387, 'r6s17', 0, 0, 0, 6),
(1388, 'r6s18', 0, 0, 0, 6),
(1389, 'r6s19', 0, 0, 0, 6),
(1390, 'r6s20', 0, 0, 0, 6),
(1391, 'r7s1', 0, 0, 0, 6),
(1392, 'r7s2', 0, 0, 0, 6),
(1393, 'r7s3', 0, 0, 0, 6),
(1394, 'r7s4', 0, 0, 0, 6),
(1395, 'r7s5', 0, 0, 0, 6),
(1396, 'r7s6', 0, 0, 0, 6),
(1397, 'r7s7', 0, 0, 0, 6),
(1398, 'r7s8', 0, 0, 0, 6),
(1399, 'r7s9', 0, 0, 0, 6),
(1400, 'r7s10', 0, 0, 0, 6),
(1401, 'r7s11', 0, 0, 0, 6),
(1402, 'r7s12', 0, 0, 0, 6),
(1403, 'r7s13', 0, 0, 0, 6),
(1404, 'r7s14', 0, 0, 0, 6),
(1405, 'r7s15', 0, 0, 0, 6),
(1406, 'r7s16', 0, 0, 0, 6),
(1407, 'r7s17', 0, 0, 0, 6),
(1408, 'r7s18', 0, 0, 0, 6),
(1409, 'r7s19', 0, 0, 0, 6),
(1410, 'r7s20', 0, 0, 0, 6),
(1411, 'r8s1', 0, 0, 0, 6),
(1412, 'r8s2', 0, 0, 0, 6),
(1413, 'r8s3', 0, 0, 0, 6),
(1414, 'r8s4', 0, 0, 0, 6),
(1415, 'r8s5', 0, 0, 0, 6),
(1416, 'r8s6', 0, 0, 0, 6),
(1417, 'r8s7', 0, 0, 0, 6),
(1418, 'r8s8', 0, 0, 0, 6),
(1419, 'r8s9', 0, 0, 0, 6),
(1420, 'r8s10', 0, 0, 0, 6),
(1421, 'r8s11', 0, 0, 0, 6),
(1422, 'r8s12', 0, 0, 0, 6),
(1423, 'r8s13', 0, 0, 0, 6),
(1424, 'r8s14', 0, 0, 0, 6),
(1425, 'r8s15', 0, 0, 0, 6),
(1426, 'r8s16', 0, 0, 0, 6),
(1427, 'r8s17', 0, 0, 0, 6),
(1428, 'r8s18', 0, 0, 0, 6),
(1429, 'r8s19', 0, 0, 0, 6),
(1430, 'r8s20', 0, 0, 0, 6),
(1431, 'r9s1', 0, 0, 0, 6),
(1432, 'r9s2', 0, 0, 0, 6),
(1433, 'r9s3', 0, 0, 0, 6),
(1434, 'r9s4', 0, 0, 0, 6),
(1435, 'r9s5', 0, 0, 0, 6),
(1436, 'r9s6', 0, 0, 0, 6),
(1437, 'r9s7', 0, 0, 0, 6),
(1438, 'r9s8', 0, 0, 0, 6),
(1439, 'r9s9', 0, 0, 0, 6),
(1440, 'r9s10', 0, 0, 0, 6),
(1441, 'r9s11', 0, 0, 0, 6),
(1442, 'r9s12', 0, 0, 0, 6),
(1443, 'r9s13', 0, 0, 0, 6),
(1444, 'r9s14', 0, 0, 0, 6),
(1445, 'r9s15', 0, 0, 0, 6),
(1446, 'r9s16', 0, 0, 0, 6),
(1447, 'r9s17', 0, 0, 0, 6),
(1448, 'r9s18', 0, 0, 0, 6),
(1449, 'r9s19', 0, 0, 0, 6),
(1450, 'r9s20', 0, 0, 0, 6),
(1451, 'r10s1', 0, 0, 0, 6),
(1452, 'r10s2', 0, 0, 0, 6),
(1453, 'r10s3', 0, 0, 0, 6),
(1454, 'r10s4', 0, 0, 0, 6),
(1455, 'r10s5', 0, 0, 0, 6),
(1456, 'r10s6', 0, 0, 0, 6),
(1457, 'r10s7', 0, 0, 0, 6),
(1458, 'r10s8', 0, 0, 0, 6),
(1459, 'r10s9', 0, 0, 0, 6),
(1460, 'r10s10', 0, 0, 0, 6),
(1461, 'r10s11', 0, 0, 0, 6),
(1462, 'r10s12', 0, 0, 0, 6),
(1463, 'r10s13', 0, 0, 0, 6),
(1464, 'r10s14', 0, 0, 0, 6),
(1465, 'r10s15', 0, 0, 0, 6),
(1466, 'r10s16', 0, 0, 0, 6),
(1467, 'r10s17', 0, 0, 0, 6),
(1468, 'r10s18', 0, 0, 0, 6),
(1469, 'r10s19', 0, 0, 0, 6),
(1470, 'r10s20', 0, 0, 0, 6),
(1471, 'r11s1', 0, 0, 0, 6),
(1472, 'r11s2', 0, 0, 0, 6),
(1473, 'r11s3', 0, 0, 0, 6),
(1474, 'r11s4', 0, 0, 0, 6),
(1475, 'r11s5', 0, 0, 0, 6),
(1476, 'r11s6', 0, 0, 0, 6),
(1477, 'r11s7', 0, 0, 0, 6),
(1478, 'r11s8', 0, 0, 0, 6),
(1479, 'r11s9', 0, 0, 0, 6),
(1480, 'r11s10', 0, 0, 0, 6),
(1481, 'r11s11', 0, 0, 0, 6),
(1482, 'r11s12', 0, 0, 0, 6),
(1483, 'r11s13', 0, 0, 0, 6),
(1484, 'r11s14', 0, 0, 0, 6),
(1485, 'r11s15', 0, 0, 0, 6),
(1486, 'r11s16', 0, 0, 0, 6),
(1487, 'r11s17', 0, 0, 0, 6),
(1488, 'r11s18', 0, 0, 0, 6),
(1489, 'r11s19', 0, 0, 0, 6),
(1490, 'r11s20', 0, 0, 0, 6),
(1491, 'r12s1', 0, 0, 0, 6),
(1492, 'r12s2', 0, 0, 0, 6),
(1493, 'r12s3', 0, 0, 0, 6),
(1494, 'r12s4', 0, 0, 0, 6),
(1495, 'r12s5', 0, 0, 0, 6),
(1496, 'r12s6', 0, 0, 0, 6),
(1497, 'r12s7', 0, 0, 0, 6),
(1498, 'r12s8', 0, 0, 0, 6),
(1499, 'r12s9', 0, 0, 0, 6),
(1500, 'r12s10', 0, 0, 0, 6),
(1501, 'r12s11', 0, 0, 0, 6),
(1502, 'r12s12', 0, 0, 0, 6),
(1503, 'r12s13', 0, 0, 0, 6),
(1504, 'r12s14', 0, 0, 0, 6),
(1505, 'r12s15', 0, 0, 0, 6),
(1506, 'r12s16', 0, 0, 0, 6),
(1507, 'r12s17', 0, 0, 0, 6),
(1508, 'r12s18', 0, 0, 0, 6),
(1509, 'r12s19', 0, 0, 0, 6),
(1510, 'r12s20', 0, 0, 0, 6),
(1511, 'r13s1', 0, 0, 0, 6),
(1512, 'r13s2', 0, 0, 0, 6),
(1513, 'r13s3', 0, 0, 0, 6),
(1514, 'r13s4', 0, 0, 0, 6),
(1515, 'r13s5', 0, 0, 0, 6),
(1516, 'r13s6', 0, 0, 0, 6),
(1517, 'r13s7', 0, 0, 0, 6),
(1518, 'r13s8', 0, 0, 0, 6),
(1519, 'r13s9', 0, 0, 0, 6),
(1520, 'r13s10', 0, 0, 0, 6),
(1521, 'r13s11', 0, 0, 0, 6),
(1522, 'r13s12', 0, 0, 0, 6),
(1523, 'r13s13', 0, 0, 0, 6),
(1524, 'r13s14', 0, 0, 0, 6),
(1525, 'r13s15', 0, 0, 0, 6),
(1526, 'r13s16', 0, 0, 0, 6),
(1527, 'r13s17', 0, 0, 0, 6),
(1528, 'r13s18', 0, 0, 0, 6),
(1529, 'r13s19', 0, 0, 0, 6),
(1530, 'r13s20', 0, 0, 0, 6),
(1531, 'r14s1', 0, 0, 0, 6),
(1532, 'r14s2', 0, 0, 0, 6),
(1533, 'r14s3', 0, 0, 0, 6),
(1534, 'r14s4', 0, 0, 0, 6),
(1535, 'r14s5', 0, 0, 0, 6),
(1536, 'r14s6', 0, 0, 0, 6),
(1537, 'r14s7', 0, 0, 0, 6),
(1538, 'r14s8', 0, 0, 0, 6),
(1539, 'r14s9', 0, 0, 0, 6),
(1540, 'r14s10', 0, 0, 0, 6),
(1541, 'r14s11', 0, 0, 0, 6),
(1542, 'r14s12', 0, 0, 0, 6),
(1543, 'r14s13', 0, 0, 0, 6),
(1544, 'r14s14', 0, 0, 0, 6),
(1545, 'r14s15', 0, 0, 0, 6),
(1546, 'r14s16', 0, 0, 0, 6),
(1547, 'r14s17', 0, 0, 0, 6),
(1548, 'r14s18', 0, 0, 0, 6),
(1549, 'r14s19', 0, 0, 0, 6),
(1550, 'r14s20', 0, 0, 0, 6),
(1551, 'r15s1', 0, 0, 0, 6),
(1552, 'r15s2', 0, 0, 0, 6),
(1553, 'r15s3', 0, 0, 0, 6),
(1554, 'r15s4', 0, 0, 0, 6),
(1555, 'r15s5', 0, 0, 0, 6),
(1556, 'r15s6', 0, 0, 0, 6),
(1557, 'r15s7', 0, 0, 0, 6),
(1558, 'r15s8', 0, 0, 0, 6),
(1559, 'r15s9', 0, 0, 0, 6),
(1560, 'r15s10', 0, 0, 0, 6),
(1561, 'r15s11', 0, 0, 0, 6),
(1562, 'r15s12', 0, 0, 0, 6),
(1563, 'r15s13', 0, 0, 0, 6),
(1564, 'r15s14', 0, 0, 0, 6),
(1565, 'r15s15', 0, 0, 0, 6),
(1566, 'r15s16', 0, 0, 0, 6),
(1567, 'r15s17', 0, 0, 0, 6),
(1568, 'r15s18', 0, 0, 0, 6),
(1569, 'r15s19', 0, 0, 0, 6),
(1570, 'r15s20', 0, 0, 0, 6),
(1571, 'r16s1', 0, 0, 0, 6),
(1572, 'r16s2', 0, 0, 0, 6),
(1573, 'r16s3', 0, 0, 0, 6),
(1574, 'r16s4', 0, 0, 0, 6),
(1575, 'r16s5', 0, 0, 0, 6),
(1576, 'r16s6', 0, 0, 0, 6),
(1577, 'r16s7', 0, 0, 0, 6),
(1578, 'r16s8', 0, 0, 0, 6),
(1579, 'r16s9', 0, 0, 0, 6),
(1580, 'r16s10', 0, 0, 0, 6),
(1581, 'r16s11', 0, 0, 0, 6),
(1582, 'r16s12', 0, 0, 0, 6),
(1583, 'r16s13', 0, 0, 0, 6),
(1584, 'r16s14', 0, 0, 0, 6),
(1585, 'r16s15', 0, 0, 0, 6),
(1586, 'r16s16', 0, 0, 0, 6),
(1587, 'r16s17', 0, 0, 0, 6),
(1588, 'r16s18', 0, 0, 0, 6),
(1589, 'r16s19', 0, 0, 0, 6),
(1590, 'r16s20', 0, 0, 0, 6),
(1591, 'r17s1', 0, 0, 0, 6),
(1592, 'r17s2', 0, 0, 0, 6),
(1593, 'r17s3', 0, 0, 0, 6),
(1594, 'r17s4', 0, 0, 0, 6),
(1595, 'r17s5', 0, 0, 0, 6),
(1596, 'r17s6', 0, 0, 0, 6),
(1597, 'r17s7', 0, 0, 0, 6),
(1598, 'r17s8', 0, 0, 0, 6),
(1599, 'r17s9', 0, 0, 0, 6),
(1600, 'r17s10', 0, 0, 0, 6),
(1601, 'r17s11', 0, 0, 0, 6),
(1602, 'r17s12', 0, 0, 0, 6),
(1603, 'r17s13', 0, 0, 0, 6),
(1604, 'r17s14', 0, 0, 0, 6),
(1605, 'r17s15', 0, 0, 0, 6),
(1606, 'r17s16', 0, 0, 0, 6),
(1607, 'r17s17', 0, 0, 0, 6),
(1608, 'r17s18', 0, 0, 0, 6),
(1609, 'r17s19', 0, 0, 0, 6),
(1610, 'r17s20', 0, 0, 0, 6),
(1611, 'r1s1', 0, 0, 0, 7),
(1612, 'r1s2', 0, 0, 0, 7),
(1613, 'r1s3', 0, 0, 0, 7),
(1614, 'r1s4', 0, 0, 0, 7),
(1615, 'r1s5', 0, 0, 0, 7),
(1616, 'r1s6', 0, 0, 0, 7),
(1617, 'r1s7', 0, 1, 0, 7),
(1618, 'r1s8', 0, 1, 0, 7),
(1619, 'r1s9', 0, 0, 0, 7),
(1620, 'r1s10', 0, 0, 0, 7),
(1621, 'r1s11', 1, 0, 0, 7),
(1622, 'r1s12', 1, 0, 0, 7),
(1623, 'r1s13', 0, 0, 0, 7),
(1624, 'r1s14', 0, 0, 0, 7),
(1625, 'r1s15', 0, 0, 0, 7),
(1626, 'r1s16', 0, 0, 0, 7),
(1627, 'r1s17', 0, 0, 0, 7),
(1628, 'r2s1', 0, 0, 0, 7),
(1629, 'r2s2', 0, 0, 0, 7),
(1630, 'r2s3', 0, 0, 0, 7),
(1631, 'r2s4', 0, 0, 0, 7),
(1632, 'r2s5', 0, 0, 0, 7),
(1633, 'r2s6', 0, 0, 0, 7),
(1634, 'r2s7', 0, 0, 0, 7),
(1635, 'r2s8', 0, 0, 0, 7),
(1636, 'r2s9', 0, 0, 0, 7),
(1637, 'r2s10', 0, 0, 0, 7),
(1638, 'r2s11', 0, 0, 0, 7),
(1639, 'r2s12', 0, 0, 0, 7),
(1640, 'r2s13', 0, 0, 0, 7),
(1641, 'r2s14', 0, 0, 0, 7),
(1642, 'r2s15', 0, 0, 0, 7),
(1643, 'r2s16', 0, 0, 0, 7),
(1644, 'r2s17', 0, 0, 0, 7),
(1645, 'r3s1', 0, 0, 0, 7),
(1646, 'r3s2', 0, 0, 0, 7),
(1647, 'r3s3', 0, 0, 0, 7),
(1648, 'r3s4', 0, 0, 0, 7),
(1649, 'r3s5', 0, 0, 0, 7),
(1650, 'r3s6', 0, 0, 0, 7),
(1651, 'r3s7', 0, 0, 0, 7),
(1652, 'r3s8', 0, 0, 0, 7),
(1653, 'r3s9', 0, 0, 0, 7),
(1654, 'r3s10', 0, 0, 0, 7),
(1655, 'r3s11', 0, 0, 0, 7),
(1656, 'r3s12', 0, 0, 0, 7),
(1657, 'r3s13', 0, 0, 0, 7),
(1658, 'r3s14', 0, 0, 0, 7),
(1659, 'r3s15', 0, 0, 0, 7),
(1660, 'r3s16', 0, 0, 0, 7),
(1661, 'r3s17', 0, 0, 0, 7),
(1662, 'r4s1', 0, 0, 0, 7),
(1663, 'r4s2', 0, 0, 0, 7),
(1664, 'r4s3', 0, 0, 0, 7),
(1665, 'r4s4', 0, 0, 0, 7),
(1666, 'r4s5', 0, 0, 0, 7),
(1667, 'r4s6', 0, 0, 0, 7),
(1668, 'r4s7', 0, 0, 0, 7),
(1669, 'r4s8', 0, 0, 0, 7),
(1670, 'r4s9', 0, 0, 0, 7),
(1671, 'r4s10', 0, 0, 0, 7),
(1672, 'r4s11', 0, 0, 0, 7),
(1673, 'r4s12', 0, 0, 0, 7),
(1674, 'r4s13', 0, 0, 0, 7),
(1675, 'r4s14', 0, 0, 0, 7),
(1676, 'r4s15', 0, 0, 0, 7),
(1677, 'r4s16', 0, 0, 0, 7),
(1678, 'r4s17', 0, 0, 0, 7),
(1679, 'r5s1', 0, 0, 0, 7),
(1680, 'r5s2', 0, 0, 0, 7),
(1681, 'r5s3', 0, 0, 0, 7),
(1682, 'r5s4', 0, 0, 0, 7),
(1683, 'r5s5', 0, 0, 0, 7),
(1684, 'r5s6', 0, 0, 0, 7),
(1685, 'r5s7', 0, 0, 0, 7),
(1686, 'r5s8', 0, 0, 0, 7),
(1687, 'r5s9', 0, 0, 0, 7),
(1688, 'r5s10', 0, 0, 0, 7),
(1689, 'r5s11', 0, 0, 0, 7),
(1690, 'r5s12', 0, 0, 0, 7),
(1691, 'r5s13', 0, 0, 0, 7),
(1692, 'r5s14', 0, 0, 0, 7),
(1693, 'r5s15', 0, 0, 0, 7),
(1694, 'r5s16', 0, 0, 0, 7),
(1695, 'r5s17', 0, 0, 0, 7),
(1696, 'r6s1', 0, 0, 0, 7),
(1697, 'r6s2', 0, 0, 0, 7),
(1698, 'r6s3', 0, 0, 0, 7),
(1699, 'r6s4', 0, 0, 0, 7),
(1700, 'r6s5', 0, 0, 0, 7),
(1701, 'r6s6', 0, 0, 0, 7),
(1702, 'r6s7', 0, 0, 0, 7),
(1703, 'r6s8', 0, 0, 0, 7),
(1704, 'r6s9', 0, 0, 0, 7),
(1705, 'r6s10', 0, 0, 0, 7),
(1706, 'r6s11', 0, 0, 0, 7),
(1707, 'r6s12', 0, 0, 0, 7),
(1708, 'r6s13', 0, 0, 0, 7),
(1709, 'r6s14', 0, 0, 0, 7),
(1710, 'r6s15', 0, 0, 0, 7),
(1711, 'r6s16', 0, 0, 0, 7),
(1712, 'r6s17', 0, 0, 0, 7),
(1713, 'r7s1', 0, 0, 0, 7),
(1714, 'r7s2', 0, 0, 0, 7),
(1715, 'r7s3', 0, 0, 0, 7),
(1716, 'r7s4', 0, 0, 0, 7),
(1717, 'r7s5', 0, 0, 0, 7),
(1718, 'r7s6', 0, 0, 0, 7),
(1719, 'r7s7', 0, 0, 0, 7),
(1720, 'r7s8', 0, 0, 0, 7),
(1721, 'r7s9', 0, 0, 0, 7),
(1722, 'r7s10', 0, 0, 0, 7),
(1723, 'r7s11', 0, 0, 0, 7),
(1724, 'r7s12', 0, 0, 0, 7),
(1725, 'r7s13', 0, 0, 0, 7),
(1726, 'r7s14', 0, 0, 0, 7),
(1727, 'r7s15', 0, 0, 0, 7),
(1728, 'r7s16', 0, 0, 0, 7),
(1729, 'r7s17', 0, 0, 0, 7),
(1730, 'r8s1', 0, 0, 0, 7),
(1731, 'r8s2', 0, 0, 0, 7),
(1732, 'r8s3', 0, 0, 0, 7),
(1733, 'r8s4', 0, 0, 0, 7),
(1734, 'r8s5', 0, 0, 0, 7),
(1735, 'r8s6', 0, 0, 0, 7),
(1736, 'r8s7', 0, 0, 0, 7),
(1737, 'r8s8', 0, 0, 0, 7),
(1738, 'r8s9', 0, 0, 0, 7),
(1739, 'r8s10', 0, 0, 0, 7),
(1740, 'r8s11', 0, 0, 0, 7),
(1741, 'r8s12', 0, 0, 0, 7),
(1742, 'r8s13', 0, 0, 0, 7),
(1743, 'r8s14', 0, 0, 0, 7),
(1744, 'r8s15', 0, 0, 0, 7),
(1745, 'r8s16', 0, 0, 0, 7),
(1746, 'r8s17', 0, 0, 0, 7),
(1747, 'r9s1', 0, 0, 0, 7),
(1748, 'r9s2', 0, 0, 0, 7),
(1749, 'r9s3', 0, 0, 0, 7),
(1750, 'r9s4', 0, 0, 0, 7),
(1751, 'r9s5', 0, 0, 0, 7),
(1752, 'r9s6', 0, 0, 0, 7),
(1753, 'r9s7', 0, 0, 0, 7),
(1754, 'r9s8', 0, 0, 0, 7),
(1755, 'r9s9', 0, 0, 0, 7),
(1756, 'r9s10', 0, 0, 0, 7),
(1757, 'r9s11', 0, 0, 0, 7),
(1758, 'r9s12', 0, 0, 0, 7),
(1759, 'r9s13', 0, 0, 0, 7),
(1760, 'r9s14', 0, 0, 0, 7),
(1761, 'r9s15', 0, 0, 0, 7),
(1762, 'r9s16', 0, 0, 0, 7),
(1763, 'r9s17', 0, 0, 0, 7),
(1764, 'r10s1', 0, 0, 0, 7),
(1765, 'r10s2', 0, 0, 0, 7),
(1766, 'r10s3', 0, 0, 0, 7),
(1767, 'r10s4', 0, 0, 0, 7),
(1768, 'r10s5', 0, 0, 0, 7),
(1769, 'r10s6', 0, 0, 0, 7),
(1770, 'r10s7', 0, 0, 0, 7),
(1771, 'r10s8', 0, 0, 0, 7),
(1772, 'r10s9', 0, 0, 0, 7),
(1773, 'r10s10', 0, 0, 0, 7),
(1774, 'r10s11', 0, 0, 0, 7),
(1775, 'r10s12', 0, 0, 0, 7),
(1776, 'r10s13', 0, 0, 0, 7),
(1777, 'r10s14', 0, 0, 0, 7),
(1778, 'r10s15', 0, 0, 0, 7),
(1779, 'r10s16', 0, 0, 0, 7),
(1780, 'r10s17', 0, 0, 0, 7),
(1781, 'r11s1', 0, 0, 0, 7),
(1782, 'r11s2', 0, 0, 0, 7),
(1783, 'r11s3', 0, 0, 0, 7),
(1784, 'r11s4', 0, 0, 0, 7),
(1785, 'r11s5', 0, 0, 0, 7),
(1786, 'r11s6', 0, 0, 0, 7),
(1787, 'r11s7', 0, 0, 0, 7),
(1788, 'r11s8', 0, 0, 0, 7),
(1789, 'r11s9', 0, 0, 0, 7),
(1790, 'r11s10', 0, 0, 0, 7),
(1791, 'r11s11', 0, 0, 0, 7),
(1792, 'r11s12', 0, 0, 0, 7),
(1793, 'r11s13', 0, 0, 0, 7),
(1794, 'r11s14', 0, 0, 0, 7),
(1795, 'r11s15', 0, 0, 0, 7),
(1796, 'r11s16', 0, 0, 0, 7),
(1797, 'r11s17', 0, 0, 0, 7),
(1798, 'r12s1', 0, 0, 0, 7),
(1799, 'r12s2', 0, 0, 0, 7),
(1800, 'r12s3', 0, 0, 0, 7),
(1801, 'r12s4', 0, 0, 0, 7),
(1802, 'r12s5', 0, 0, 0, 7),
(1803, 'r12s6', 0, 0, 0, 7),
(1804, 'r12s7', 0, 0, 0, 7),
(1805, 'r12s8', 0, 0, 0, 7),
(1806, 'r12s9', 0, 0, 0, 7),
(1807, 'r12s10', 0, 0, 0, 7),
(1808, 'r12s11', 0, 0, 0, 7),
(1809, 'r12s12', 0, 0, 0, 7),
(1810, 'r12s13', 0, 0, 0, 7),
(1811, 'r12s14', 0, 0, 0, 7),
(1812, 'r12s15', 0, 0, 0, 7),
(1813, 'r12s16', 0, 0, 0, 7),
(1814, 'r12s17', 0, 0, 0, 7),
(1815, 'r13s1', 0, 0, 0, 7),
(1816, 'r13s2', 0, 0, 0, 7),
(1817, 'r13s3', 0, 0, 0, 7),
(1818, 'r13s4', 0, 0, 0, 7),
(1819, 'r13s5', 0, 0, 0, 7),
(1820, 'r13s6', 0, 0, 0, 7),
(1821, 'r13s7', 0, 0, 0, 7),
(1822, 'r13s8', 0, 0, 0, 7),
(1823, 'r13s9', 0, 0, 0, 7),
(1824, 'r13s10', 0, 0, 0, 7),
(1825, 'r13s11', 0, 0, 0, 7),
(1826, 'r13s12', 0, 0, 0, 7),
(1827, 'r13s13', 0, 0, 0, 7),
(1828, 'r13s14', 0, 0, 0, 7),
(1829, 'r13s15', 0, 0, 0, 7),
(1830, 'r13s16', 0, 0, 0, 7),
(1831, 'r13s17', 0, 0, 0, 7),
(1832, 'r14s1', 0, 0, 0, 7),
(1833, 'r14s2', 0, 0, 0, 7),
(1834, 'r14s3', 0, 0, 0, 7),
(1835, 'r14s4', 0, 0, 0, 7),
(1836, 'r14s5', 0, 0, 0, 7),
(1837, 'r14s6', 0, 0, 0, 7),
(1838, 'r14s7', 0, 0, 0, 7),
(1839, 'r14s8', 0, 0, 0, 7),
(1840, 'r14s9', 0, 0, 0, 7),
(1841, 'r14s10', 0, 0, 0, 7),
(1842, 'r14s11', 0, 0, 0, 7),
(1843, 'r14s12', 0, 0, 0, 7),
(1844, 'r14s13', 0, 0, 0, 7),
(1845, 'r14s14', 0, 0, 0, 7),
(1846, 'r14s15', 0, 0, 0, 7),
(1847, 'r14s16', 0, 0, 0, 7),
(1848, 'r14s17', 0, 0, 0, 7),
(1849, 'r15s1', 0, 0, 0, 7),
(1850, 'r15s2', 0, 0, 0, 7),
(1851, 'r15s3', 0, 0, 0, 7),
(1852, 'r15s4', 0, 0, 0, 7),
(1853, 'r15s5', 0, 0, 0, 7),
(1854, 'r15s6', 0, 0, 0, 7),
(1855, 'r15s7', 0, 0, 0, 7),
(1856, 'r15s8', 0, 0, 0, 7),
(1857, 'r15s9', 0, 0, 0, 7),
(1858, 'r15s10', 0, 0, 0, 7),
(1859, 'r15s11', 0, 0, 0, 7),
(1860, 'r15s12', 0, 0, 0, 7),
(1861, 'r15s13', 0, 0, 0, 7),
(1862, 'r15s14', 0, 0, 0, 7),
(1863, 'r15s15', 0, 0, 0, 7),
(1864, 'r15s16', 0, 0, 0, 7),
(1865, 'r15s17', 0, 0, 0, 7),
(1866, 'r1s1', 0, 0, 0, 8),
(1867, 'r1s2', 0, 0, 0, 8),
(1868, 'r1s3', 0, 0, 0, 8),
(1869, 'r1s4', 0, 0, 0, 8),
(1870, 'r1s5', 0, 0, 0, 8),
(1871, 'r1s6', 0, 0, 0, 8),
(1872, 'r1s7', 0, 1, 0, 8),
(1873, 'r1s8', 0, 1, 0, 8),
(1874, 'r1s9', 0, 0, 0, 8),
(1875, 'r1s10', 0, 0, 0, 8),
(1876, 'r1s11', 0, 0, 0, 8),
(1877, 'r1s12', 0, 0, 0, 8),
(1878, 'r1s13', 0, 0, 0, 8),
(1879, 'r1s14', 0, 0, 0, 8),
(1880, 'r1s15', 0, 0, 0, 8),
(1881, 'r1s16', 0, 0, 0, 8),
(1882, 'r1s17', 0, 0, 0, 8),
(1883, 'r1s18', 0, 0, 0, 8),
(1884, 'r1s19', 0, 0, 0, 8),
(1885, 'r1s20', 0, 0, 0, 8),
(1886, 'r2s1', 0, 0, 0, 8),
(1887, 'r2s2', 0, 0, 0, 8),
(1888, 'r2s3', 0, 0, 0, 8),
(1889, 'r2s4', 0, 0, 0, 8),
(1890, 'r2s5', 0, 0, 0, 8),
(1891, 'r2s6', 0, 0, 0, 8),
(1892, 'r2s7', 0, 0, 0, 8),
(1893, 'r2s8', 0, 0, 0, 8),
(1894, 'r2s9', 0, 0, 0, 8),
(1895, 'r2s10', 0, 0, 0, 8),
(1896, 'r2s11', 0, 0, 0, 8),
(1897, 'r2s12', 0, 0, 0, 8);
INSERT INTO `sediste` (`idsedista`, `brojsedista`, `zauzeto`, `invalidsko`, `odabrano`, `idsale`) VALUES
(1898, 'r2s13', 0, 0, 0, 8),
(1899, 'r2s14', 0, 0, 0, 8),
(1900, 'r2s15', 1, 0, 0, 8),
(1901, 'r2s16', 1, 0, 0, 8),
(1902, 'r2s17', 1, 0, 0, 8),
(1903, 'r2s18', 0, 0, 0, 8),
(1904, 'r2s19', 0, 0, 0, 8),
(1905, 'r2s20', 0, 0, 0, 8),
(1906, 'r3s1', 0, 0, 0, 8),
(1907, 'r3s2', 0, 0, 0, 8),
(1908, 'r3s3', 0, 0, 0, 8),
(1909, 'r3s4', 0, 0, 0, 8),
(1910, 'r3s5', 0, 0, 0, 8),
(1911, 'r3s6', 0, 0, 0, 8),
(1912, 'r3s7', 0, 0, 0, 8),
(1913, 'r3s8', 0, 0, 0, 8),
(1914, 'r3s9', 0, 0, 0, 8),
(1915, 'r3s10', 0, 0, 0, 8),
(1916, 'r3s11', 0, 0, 0, 8),
(1917, 'r3s12', 0, 0, 0, 8),
(1918, 'r3s13', 0, 0, 0, 8),
(1919, 'r3s14', 0, 0, 0, 8),
(1920, 'r3s15', 0, 0, 0, 8),
(1921, 'r3s16', 0, 0, 0, 8),
(1922, 'r3s17', 0, 0, 0, 8),
(1923, 'r3s18', 0, 0, 0, 8),
(1924, 'r3s19', 0, 0, 0, 8),
(1925, 'r3s20', 0, 0, 0, 8),
(1926, 'r4s1', 0, 0, 0, 8),
(1927, 'r4s2', 0, 0, 0, 8),
(1928, 'r4s3', 0, 0, 0, 8),
(1929, 'r4s4', 0, 0, 0, 8),
(1930, 'r4s5', 0, 0, 0, 8),
(1931, 'r4s6', 0, 0, 0, 8),
(1932, 'r4s7', 0, 0, 0, 8),
(1933, 'r4s8', 0, 0, 0, 8),
(1934, 'r4s9', 0, 0, 0, 8),
(1935, 'r4s10', 0, 0, 0, 8),
(1936, 'r4s11', 0, 0, 0, 8),
(1937, 'r4s12', 0, 0, 0, 8),
(1938, 'r4s13', 0, 0, 0, 8),
(1939, 'r4s14', 0, 0, 0, 8),
(1940, 'r4s15', 0, 0, 0, 8),
(1941, 'r4s16', 0, 0, 0, 8),
(1942, 'r4s17', 0, 0, 0, 8),
(1943, 'r4s18', 0, 0, 0, 8),
(1944, 'r4s19', 0, 0, 0, 8),
(1945, 'r4s20', 0, 0, 0, 8),
(1946, 'r5s1', 0, 0, 0, 8),
(1947, 'r5s2', 0, 0, 0, 8),
(1948, 'r5s3', 0, 0, 0, 8),
(1949, 'r5s4', 0, 0, 0, 8),
(1950, 'r5s5', 0, 0, 0, 8),
(1951, 'r5s6', 0, 0, 0, 8),
(1952, 'r5s7', 0, 0, 0, 8),
(1953, 'r5s8', 0, 0, 0, 8),
(1954, 'r5s9', 0, 0, 0, 8),
(1955, 'r5s10', 0, 0, 0, 8),
(1956, 'r5s11', 0, 0, 0, 8),
(1957, 'r5s12', 0, 0, 0, 8),
(1958, 'r5s13', 0, 0, 0, 8),
(1959, 'r5s14', 0, 0, 0, 8),
(1960, 'r5s15', 0, 0, 0, 8),
(1961, 'r5s16', 0, 0, 0, 8),
(1962, 'r5s17', 0, 0, 0, 8),
(1963, 'r5s18', 0, 0, 0, 8),
(1964, 'r5s19', 0, 0, 0, 8),
(1965, 'r5s20', 0, 0, 0, 8),
(1966, 'r6s1', 0, 0, 0, 8),
(1967, 'r6s2', 0, 0, 0, 8),
(1968, 'r6s3', 0, 0, 0, 8),
(1969, 'r6s4', 0, 0, 0, 8),
(1970, 'r6s5', 0, 0, 0, 8),
(1971, 'r6s6', 0, 0, 0, 8),
(1972, 'r6s7', 0, 0, 0, 8),
(1973, 'r6s8', 0, 0, 0, 8),
(1974, 'r6s9', 0, 0, 0, 8),
(1975, 'r6s10', 0, 0, 0, 8),
(1976, 'r6s11', 0, 0, 0, 8),
(1977, 'r6s12', 0, 0, 0, 8),
(1978, 'r6s13', 0, 0, 0, 8),
(1979, 'r6s14', 0, 0, 0, 8),
(1980, 'r6s15', 0, 0, 0, 8),
(1981, 'r6s16', 0, 0, 0, 8),
(1982, 'r6s17', 0, 0, 0, 8),
(1983, 'r6s18', 0, 0, 0, 8),
(1984, 'r6s19', 0, 0, 0, 8),
(1985, 'r6s20', 0, 0, 0, 8),
(1986, 'r7s1', 0, 0, 0, 8),
(1987, 'r7s2', 0, 0, 0, 8),
(1988, 'r7s3', 0, 0, 0, 8),
(1989, 'r7s4', 0, 0, 0, 8),
(1990, 'r7s5', 0, 0, 0, 8),
(1991, 'r7s6', 0, 0, 0, 8),
(1992, 'r7s7', 0, 0, 0, 8),
(1993, 'r7s8', 0, 0, 0, 8),
(1994, 'r7s9', 0, 0, 0, 8),
(1995, 'r7s10', 0, 0, 0, 8),
(1996, 'r7s11', 0, 0, 0, 8),
(1997, 'r7s12', 0, 0, 0, 8),
(1998, 'r7s13', 0, 0, 0, 8),
(1999, 'r7s14', 0, 0, 0, 8),
(2000, 'r7s15', 0, 0, 0, 8),
(2001, 'r7s16', 0, 0, 0, 8),
(2002, 'r7s17', 0, 0, 0, 8),
(2003, 'r7s18', 0, 0, 0, 8),
(2004, 'r7s19', 0, 0, 0, 8),
(2005, 'r7s20', 0, 0, 0, 8),
(2006, 'r8s1', 0, 0, 0, 8),
(2007, 'r8s2', 0, 0, 0, 8),
(2008, 'r8s3', 0, 0, 0, 8),
(2009, 'r8s4', 0, 0, 0, 8),
(2010, 'r8s5', 0, 0, 0, 8),
(2011, 'r8s6', 0, 0, 0, 8),
(2012, 'r8s7', 0, 0, 0, 8),
(2013, 'r8s8', 0, 0, 0, 8),
(2014, 'r8s9', 0, 0, 0, 8),
(2015, 'r8s10', 0, 0, 0, 8),
(2016, 'r8s11', 0, 0, 0, 8),
(2017, 'r8s12', 0, 0, 0, 8),
(2018, 'r8s13', 0, 0, 0, 8),
(2019, 'r8s14', 0, 0, 0, 8),
(2020, 'r8s15', 0, 0, 0, 8),
(2021, 'r8s16', 0, 0, 0, 8),
(2022, 'r8s17', 0, 0, 0, 8),
(2023, 'r8s18', 0, 0, 0, 8),
(2024, 'r8s19', 0, 0, 0, 8),
(2025, 'r8s20', 0, 0, 0, 8),
(2026, 'r9s1', 0, 0, 0, 8),
(2027, 'r9s2', 0, 0, 0, 8),
(2028, 'r9s3', 0, 0, 0, 8),
(2029, 'r9s4', 0, 0, 0, 8),
(2030, 'r9s5', 0, 0, 0, 8),
(2031, 'r9s6', 0, 0, 0, 8),
(2032, 'r9s7', 0, 0, 0, 8),
(2033, 'r9s8', 0, 0, 0, 8),
(2034, 'r9s9', 0, 0, 0, 8),
(2035, 'r9s10', 0, 0, 0, 8),
(2036, 'r9s11', 0, 0, 0, 8),
(2037, 'r9s12', 0, 0, 0, 8),
(2038, 'r9s13', 0, 0, 0, 8),
(2039, 'r9s14', 0, 0, 0, 8),
(2040, 'r9s15', 0, 0, 0, 8),
(2041, 'r9s16', 0, 0, 0, 8),
(2042, 'r9s17', 0, 0, 0, 8),
(2043, 'r9s18', 0, 0, 0, 8),
(2044, 'r9s19', 0, 0, 0, 8),
(2045, 'r9s20', 0, 0, 0, 8),
(2046, 'r10s1', 0, 0, 0, 8),
(2047, 'r10s2', 0, 0, 0, 8),
(2048, 'r10s3', 0, 0, 0, 8),
(2049, 'r10s4', 0, 0, 0, 8),
(2050, 'r10s5', 0, 0, 0, 8),
(2051, 'r10s6', 0, 0, 0, 8),
(2052, 'r10s7', 0, 0, 0, 8),
(2053, 'r10s8', 0, 0, 0, 8),
(2054, 'r10s9', 0, 0, 0, 8),
(2055, 'r10s10', 0, 0, 0, 8),
(2056, 'r10s11', 0, 0, 0, 8),
(2057, 'r10s12', 0, 0, 0, 8),
(2058, 'r10s13', 0, 0, 0, 8),
(2059, 'r10s14', 0, 0, 0, 8),
(2060, 'r10s15', 0, 0, 0, 8),
(2061, 'r10s16', 0, 0, 0, 8),
(2062, 'r10s17', 0, 0, 0, 8),
(2063, 'r10s18', 0, 0, 0, 8),
(2064, 'r10s19', 0, 0, 0, 8),
(2065, 'r10s20', 0, 0, 0, 8),
(2066, 'r11s1', 0, 0, 0, 8),
(2067, 'r11s2', 0, 0, 0, 8),
(2068, 'r11s3', 0, 0, 0, 8),
(2069, 'r11s4', 0, 0, 0, 8),
(2070, 'r11s5', 0, 0, 0, 8),
(2071, 'r11s6', 0, 0, 0, 8),
(2072, 'r11s7', 0, 0, 0, 8),
(2073, 'r11s8', 0, 0, 0, 8),
(2074, 'r11s9', 0, 0, 0, 8),
(2075, 'r11s10', 0, 0, 0, 8),
(2076, 'r11s11', 0, 0, 0, 8),
(2077, 'r11s12', 0, 0, 0, 8),
(2078, 'r11s13', 0, 0, 0, 8),
(2079, 'r11s14', 0, 0, 0, 8),
(2080, 'r11s15', 0, 0, 0, 8),
(2081, 'r11s16', 0, 0, 0, 8),
(2082, 'r11s17', 0, 0, 0, 8),
(2083, 'r11s18', 0, 0, 0, 8),
(2084, 'r11s19', 0, 0, 0, 8),
(2085, 'r11s20', 0, 0, 0, 8),
(2086, 'r12s1', 0, 0, 0, 8),
(2087, 'r12s2', 0, 0, 0, 8),
(2088, 'r12s3', 0, 0, 0, 8),
(2089, 'r12s4', 0, 0, 0, 8),
(2090, 'r12s5', 0, 0, 0, 8),
(2091, 'r12s6', 0, 0, 0, 8),
(2092, 'r12s7', 0, 0, 0, 8),
(2093, 'r12s8', 0, 0, 0, 8),
(2094, 'r12s9', 0, 0, 0, 8),
(2095, 'r12s10', 0, 0, 0, 8),
(2096, 'r12s11', 0, 0, 0, 8),
(2097, 'r12s12', 0, 0, 0, 8),
(2098, 'r12s13', 0, 0, 0, 8),
(2099, 'r12s14', 0, 0, 0, 8),
(2100, 'r12s15', 0, 0, 0, 8),
(2101, 'r12s16', 0, 0, 0, 8),
(2102, 'r12s17', 0, 0, 0, 8),
(2103, 'r12s18', 0, 0, 0, 8),
(2104, 'r12s19', 0, 0, 0, 8),
(2105, 'r12s20', 0, 0, 0, 8),
(2106, 'r13s1', 0, 0, 0, 8),
(2107, 'r13s2', 0, 0, 0, 8),
(2108, 'r13s3', 0, 0, 0, 8),
(2109, 'r13s4', 0, 0, 0, 8),
(2110, 'r13s5', 0, 0, 0, 8),
(2111, 'r13s6', 0, 0, 0, 8),
(2112, 'r13s7', 0, 0, 0, 8),
(2113, 'r13s8', 0, 0, 0, 8),
(2114, 'r13s9', 0, 0, 0, 8),
(2115, 'r13s10', 0, 0, 0, 8),
(2116, 'r13s11', 0, 0, 0, 8),
(2117, 'r13s12', 0, 0, 0, 8),
(2118, 'r13s13', 0, 0, 0, 8),
(2119, 'r13s14', 0, 0, 0, 8),
(2120, 'r13s15', 0, 0, 0, 8),
(2121, 'r13s16', 0, 0, 0, 8),
(2122, 'r13s17', 0, 0, 0, 8),
(2123, 'r13s18', 0, 0, 0, 8),
(2124, 'r13s19', 0, 0, 0, 8),
(2125, 'r13s20', 0, 0, 0, 8),
(2126, 'r14s1', 0, 0, 0, 8),
(2127, 'r14s2', 0, 0, 0, 8),
(2128, 'r14s3', 0, 0, 0, 8),
(2129, 'r14s4', 0, 0, 0, 8),
(2130, 'r14s5', 0, 0, 0, 8),
(2131, 'r14s6', 0, 0, 0, 8),
(2132, 'r14s7', 0, 0, 0, 8),
(2133, 'r14s8', 0, 0, 0, 8),
(2134, 'r14s9', 0, 0, 0, 8),
(2135, 'r14s10', 0, 0, 0, 8),
(2136, 'r14s11', 0, 0, 0, 8),
(2137, 'r14s12', 0, 0, 0, 8),
(2138, 'r14s13', 0, 0, 0, 8),
(2139, 'r14s14', 0, 0, 0, 8),
(2140, 'r14s15', 0, 0, 0, 8),
(2141, 'r14s16', 0, 0, 0, 8),
(2142, 'r14s17', 0, 0, 0, 8),
(2143, 'r14s18', 0, 0, 0, 8),
(2144, 'r14s19', 0, 0, 0, 8),
(2145, 'r14s20', 0, 0, 0, 8),
(2146, 'r15s1', 0, 0, 0, 8),
(2147, 'r15s2', 0, 0, 0, 8),
(2148, 'r15s3', 0, 0, 0, 8),
(2149, 'r15s4', 0, 0, 0, 8),
(2150, 'r15s5', 0, 0, 0, 8),
(2151, 'r15s6', 0, 0, 0, 8),
(2152, 'r15s7', 0, 0, 0, 8),
(2153, 'r15s8', 0, 0, 0, 8),
(2154, 'r15s9', 0, 0, 0, 8),
(2155, 'r15s10', 0, 0, 0, 8),
(2156, 'r15s11', 0, 0, 0, 8),
(2157, 'r15s12', 0, 0, 0, 8),
(2158, 'r15s13', 0, 0, 0, 8),
(2159, 'r15s14', 0, 0, 0, 8),
(2160, 'r15s15', 0, 0, 0, 8),
(2161, 'r15s16', 0, 0, 0, 8),
(2162, 'r15s17', 0, 0, 0, 8),
(2163, 'r15s18', 0, 0, 0, 8),
(2164, 'r15s19', 0, 0, 0, 8),
(2165, 'r15s20', 0, 0, 0, 8),
(2166, 'r16s1', 0, 0, 0, 8),
(2167, 'r16s2', 0, 0, 0, 8),
(2168, 'r16s3', 0, 0, 0, 8),
(2169, 'r16s4', 0, 0, 0, 8),
(2170, 'r16s5', 0, 0, 0, 8),
(2171, 'r16s6', 0, 0, 0, 8),
(2172, 'r16s7', 0, 0, 0, 8),
(2173, 'r16s8', 0, 0, 0, 8),
(2174, 'r16s9', 0, 0, 0, 8),
(2175, 'r16s10', 0, 0, 0, 8),
(2176, 'r16s11', 0, 0, 0, 8),
(2177, 'r16s12', 0, 0, 0, 8),
(2178, 'r16s13', 0, 0, 0, 8),
(2179, 'r16s14', 0, 0, 0, 8),
(2180, 'r16s15', 0, 0, 0, 8),
(2181, 'r16s16', 0, 0, 0, 8),
(2182, 'r16s17', 0, 0, 0, 8),
(2183, 'r16s18', 0, 0, 0, 8),
(2184, 'r16s19', 0, 0, 0, 8),
(2185, 'r16s20', 0, 0, 0, 8),
(2186, 'r1s1', 0, 0, 0, 9),
(2187, 'r1s2', 0, 0, 0, 9),
(2188, 'r1s3', 0, 0, 0, 9),
(2189, 'r1s4', 0, 0, 0, 9),
(2190, 'r1s5', 0, 0, 0, 9),
(2191, 'r1s6', 0, 0, 0, 9),
(2192, 'r1s7', 0, 1, 0, 9),
(2193, 'r1s8', 0, 1, 0, 9),
(2194, 'r1s9', 0, 0, 0, 9),
(2195, 'r1s10', 0, 0, 0, 9),
(2196, 'r1s11', 0, 0, 0, 9),
(2197, 'r1s12', 0, 0, 0, 9),
(2198, 'r1s13', 0, 0, 0, 9),
(2199, 'r1s14', 0, 0, 0, 9),
(2200, 'r1s15', 0, 0, 0, 9),
(2201, 'r1s16', 0, 0, 0, 9),
(2202, 'r1s17', 0, 0, 0, 9),
(2203, 'r1s18', 0, 0, 0, 9),
(2204, 'r1s19', 0, 0, 0, 9),
(2205, 'r1s20', 0, 0, 0, 9),
(2206, 'r1s21', 0, 0, 0, 9),
(2207, 'r2s1', 0, 0, 0, 9),
(2208, 'r2s2', 0, 0, 0, 9),
(2209, 'r2s3', 0, 0, 0, 9),
(2210, 'r2s4', 0, 0, 0, 9),
(2211, 'r2s5', 0, 0, 0, 9),
(2212, 'r2s6', 0, 0, 0, 9),
(2213, 'r2s7', 0, 0, 0, 9),
(2214, 'r2s8', 0, 0, 0, 9),
(2215, 'r2s9', 0, 0, 0, 9),
(2216, 'r2s10', 0, 0, 0, 9),
(2217, 'r2s11', 0, 0, 0, 9),
(2218, 'r2s12', 0, 0, 0, 9),
(2219, 'r2s13', 0, 0, 0, 9),
(2220, 'r2s14', 0, 0, 0, 9),
(2221, 'r2s15', 0, 0, 0, 9),
(2222, 'r2s16', 0, 0, 0, 9),
(2223, 'r2s17', 0, 0, 0, 9),
(2224, 'r2s18', 0, 0, 0, 9),
(2225, 'r2s19', 0, 0, 0, 9),
(2226, 'r2s20', 0, 0, 0, 9),
(2227, 'r2s21', 0, 0, 0, 9),
(2228, 'r3s1', 0, 0, 0, 9),
(2229, 'r3s2', 0, 0, 0, 9),
(2230, 'r3s3', 0, 0, 0, 9),
(2231, 'r3s4', 0, 0, 0, 9),
(2232, 'r3s5', 0, 0, 0, 9),
(2233, 'r3s6', 0, 0, 0, 9),
(2234, 'r3s7', 0, 0, 0, 9),
(2235, 'r3s8', 0, 0, 0, 9),
(2236, 'r3s9', 0, 0, 0, 9),
(2237, 'r3s10', 0, 0, 0, 9),
(2238, 'r3s11', 0, 0, 0, 9),
(2239, 'r3s12', 0, 0, 0, 9),
(2240, 'r3s13', 0, 0, 0, 9),
(2241, 'r3s14', 0, 0, 0, 9),
(2242, 'r3s15', 0, 0, 0, 9),
(2243, 'r3s16', 0, 0, 0, 9),
(2244, 'r3s17', 0, 0, 0, 9),
(2245, 'r3s18', 0, 0, 0, 9),
(2246, 'r3s19', 0, 0, 0, 9),
(2247, 'r3s20', 0, 0, 0, 9),
(2248, 'r3s21', 0, 0, 0, 9),
(2249, 'r4s1', 0, 0, 0, 9),
(2250, 'r4s2', 0, 0, 0, 9),
(2251, 'r4s3', 0, 0, 0, 9),
(2252, 'r4s4', 0, 0, 0, 9),
(2253, 'r4s5', 0, 0, 0, 9),
(2254, 'r4s6', 0, 0, 0, 9),
(2255, 'r4s7', 0, 0, 0, 9),
(2256, 'r4s8', 0, 0, 0, 9),
(2257, 'r4s9', 0, 0, 0, 9),
(2258, 'r4s10', 0, 0, 0, 9),
(2259, 'r4s11', 0, 0, 0, 9),
(2260, 'r4s12', 0, 0, 0, 9),
(2261, 'r4s13', 0, 0, 0, 9),
(2262, 'r4s14', 0, 0, 0, 9),
(2263, 'r4s15', 0, 0, 0, 9),
(2264, 'r4s16', 0, 0, 0, 9),
(2265, 'r4s17', 0, 0, 0, 9),
(2266, 'r4s18', 0, 0, 0, 9),
(2267, 'r4s19', 0, 0, 0, 9),
(2268, 'r4s20', 0, 0, 0, 9),
(2269, 'r4s21', 0, 0, 0, 9),
(2270, 'r5s1', 0, 0, 0, 9),
(2271, 'r5s2', 0, 0, 0, 9),
(2272, 'r5s3', 0, 0, 0, 9),
(2273, 'r5s4', 0, 0, 0, 9),
(2274, 'r5s5', 0, 0, 0, 9),
(2275, 'r5s6', 0, 0, 0, 9),
(2276, 'r5s7', 0, 0, 0, 9),
(2277, 'r5s8', 0, 0, 0, 9),
(2278, 'r5s9', 0, 0, 0, 9),
(2279, 'r5s10', 0, 0, 0, 9),
(2280, 'r5s11', 0, 0, 0, 9),
(2281, 'r5s12', 0, 0, 0, 9),
(2282, 'r5s13', 0, 0, 0, 9),
(2283, 'r5s14', 0, 0, 0, 9),
(2284, 'r5s15', 0, 0, 0, 9),
(2285, 'r5s16', 0, 0, 0, 9),
(2286, 'r5s17', 0, 0, 0, 9),
(2287, 'r5s18', 0, 0, 0, 9),
(2288, 'r5s19', 0, 0, 0, 9),
(2289, 'r5s20', 0, 0, 0, 9),
(2290, 'r5s21', 0, 0, 0, 9),
(2291, 'r6s1', 0, 0, 0, 9),
(2292, 'r6s2', 0, 0, 0, 9),
(2293, 'r6s3', 0, 0, 0, 9),
(2294, 'r6s4', 0, 0, 0, 9),
(2295, 'r6s5', 0, 0, 0, 9),
(2296, 'r6s6', 0, 0, 0, 9),
(2297, 'r6s7', 0, 0, 0, 9),
(2298, 'r6s8', 0, 0, 0, 9),
(2299, 'r6s9', 0, 0, 0, 9),
(2300, 'r6s10', 0, 0, 0, 9),
(2301, 'r6s11', 0, 0, 0, 9),
(2302, 'r6s12', 0, 0, 0, 9),
(2303, 'r6s13', 0, 0, 0, 9),
(2304, 'r6s14', 0, 0, 0, 9),
(2305, 'r6s15', 0, 0, 0, 9),
(2306, 'r6s16', 0, 0, 0, 9),
(2307, 'r6s17', 0, 0, 0, 9),
(2308, 'r6s18', 0, 0, 0, 9),
(2309, 'r6s19', 0, 0, 0, 9),
(2310, 'r6s20', 0, 0, 0, 9),
(2311, 'r6s21', 0, 0, 0, 9),
(2312, 'r7s1', 0, 0, 0, 9),
(2313, 'r7s2', 0, 0, 0, 9),
(2314, 'r7s3', 0, 0, 0, 9),
(2315, 'r7s4', 0, 0, 0, 9),
(2316, 'r7s5', 0, 0, 0, 9),
(2317, 'r7s6', 0, 0, 0, 9),
(2318, 'r7s7', 0, 0, 0, 9),
(2319, 'r7s8', 0, 0, 0, 9),
(2320, 'r7s9', 0, 0, 0, 9),
(2321, 'r7s10', 0, 0, 0, 9),
(2322, 'r7s11', 0, 0, 0, 9),
(2323, 'r7s12', 0, 0, 0, 9),
(2324, 'r7s13', 0, 0, 0, 9),
(2325, 'r7s14', 0, 0, 0, 9),
(2326, 'r7s15', 0, 0, 0, 9),
(2327, 'r7s16', 0, 0, 0, 9),
(2328, 'r7s17', 0, 0, 0, 9),
(2329, 'r7s18', 0, 0, 0, 9),
(2330, 'r7s19', 0, 0, 0, 9),
(2331, 'r7s20', 0, 0, 0, 9),
(2332, 'r7s21', 0, 0, 0, 9),
(2333, 'r8s1', 0, 0, 0, 9),
(2334, 'r8s2', 0, 0, 0, 9),
(2335, 'r8s3', 0, 0, 0, 9),
(2336, 'r8s4', 0, 0, 0, 9),
(2337, 'r8s5', 0, 0, 0, 9),
(2338, 'r8s6', 0, 0, 0, 9),
(2339, 'r8s7', 0, 0, 0, 9),
(2340, 'r8s8', 0, 0, 0, 9),
(2341, 'r8s9', 0, 0, 0, 9),
(2342, 'r8s10', 0, 0, 0, 9),
(2343, 'r8s11', 0, 0, 0, 9),
(2344, 'r8s12', 0, 0, 0, 9),
(2345, 'r8s13', 0, 0, 0, 9),
(2346, 'r8s14', 0, 0, 0, 9),
(2347, 'r8s15', 0, 0, 0, 9),
(2348, 'r8s16', 0, 0, 0, 9),
(2349, 'r8s17', 0, 0, 0, 9),
(2350, 'r8s18', 0, 0, 0, 9),
(2351, 'r8s19', 0, 0, 0, 9),
(2352, 'r8s20', 0, 0, 0, 9),
(2353, 'r8s21', 0, 0, 0, 9),
(2354, 'r9s1', 0, 0, 0, 9),
(2355, 'r9s2', 0, 0, 0, 9),
(2356, 'r9s3', 0, 0, 0, 9),
(2357, 'r9s4', 0, 0, 0, 9),
(2358, 'r9s5', 0, 0, 0, 9),
(2359, 'r9s6', 0, 0, 0, 9),
(2360, 'r9s7', 0, 0, 0, 9),
(2361, 'r9s8', 0, 0, 0, 9),
(2362, 'r9s9', 0, 0, 0, 9),
(2363, 'r9s10', 0, 0, 0, 9),
(2364, 'r9s11', 0, 0, 0, 9),
(2365, 'r9s12', 0, 0, 0, 9),
(2366, 'r9s13', 0, 0, 0, 9),
(2367, 'r9s14', 0, 0, 0, 9),
(2368, 'r9s15', 0, 0, 0, 9),
(2369, 'r9s16', 0, 0, 0, 9),
(2370, 'r9s17', 0, 0, 0, 9),
(2371, 'r9s18', 0, 0, 0, 9),
(2372, 'r9s19', 0, 0, 0, 9),
(2373, 'r9s20', 0, 0, 0, 9),
(2374, 'r9s21', 0, 0, 0, 9),
(2375, 'r10s1', 0, 0, 0, 9),
(2376, 'r10s2', 0, 0, 0, 9),
(2377, 'r10s3', 0, 0, 0, 9),
(2378, 'r10s4', 0, 0, 0, 9),
(2379, 'r10s5', 0, 0, 0, 9),
(2380, 'r10s6', 0, 0, 0, 9),
(2381, 'r10s7', 0, 0, 0, 9),
(2382, 'r10s8', 0, 0, 0, 9),
(2383, 'r10s9', 0, 0, 0, 9),
(2384, 'r10s10', 0, 0, 0, 9),
(2385, 'r10s11', 0, 0, 0, 9),
(2386, 'r10s12', 0, 0, 0, 9),
(2387, 'r10s13', 0, 0, 0, 9),
(2388, 'r10s14', 0, 0, 0, 9),
(2389, 'r10s15', 0, 0, 0, 9),
(2390, 'r10s16', 0, 0, 0, 9),
(2391, 'r10s17', 0, 0, 0, 9),
(2392, 'r10s18', 0, 0, 0, 9),
(2393, 'r10s19', 0, 0, 0, 9),
(2394, 'r10s20', 0, 0, 0, 9),
(2395, 'r10s21', 0, 0, 0, 9),
(2396, 'r11s1', 0, 0, 0, 9),
(2397, 'r11s2', 0, 0, 0, 9),
(2398, 'r11s3', 0, 0, 0, 9),
(2399, 'r11s4', 0, 0, 0, 9),
(2400, 'r11s5', 0, 0, 0, 9),
(2401, 'r11s6', 0, 0, 0, 9),
(2402, 'r11s7', 0, 0, 0, 9),
(2403, 'r11s8', 0, 0, 0, 9),
(2404, 'r11s9', 0, 0, 0, 9),
(2405, 'r11s10', 0, 0, 0, 9),
(2406, 'r11s11', 0, 0, 0, 9),
(2407, 'r11s12', 0, 0, 0, 9),
(2408, 'r11s13', 0, 0, 0, 9),
(2409, 'r11s14', 0, 0, 0, 9),
(2410, 'r11s15', 0, 0, 0, 9),
(2411, 'r11s16', 0, 0, 0, 9),
(2412, 'r11s17', 0, 0, 0, 9),
(2413, 'r11s18', 0, 0, 0, 9),
(2414, 'r11s19', 0, 0, 0, 9),
(2415, 'r11s20', 0, 0, 0, 9),
(2416, 'r11s21', 0, 0, 0, 9),
(2417, 'r12s1', 0, 0, 0, 9),
(2418, 'r12s2', 0, 0, 0, 9),
(2419, 'r12s3', 0, 0, 0, 9),
(2420, 'r12s4', 0, 0, 0, 9),
(2421, 'r12s5', 0, 0, 0, 9),
(2422, 'r12s6', 0, 0, 0, 9),
(2423, 'r12s7', 0, 0, 0, 9),
(2424, 'r12s8', 0, 0, 0, 9),
(2425, 'r12s9', 0, 0, 0, 9),
(2426, 'r12s10', 0, 0, 0, 9),
(2427, 'r12s11', 0, 0, 0, 9),
(2428, 'r12s12', 0, 0, 0, 9),
(2429, 'r12s13', 0, 0, 0, 9),
(2430, 'r12s14', 0, 0, 0, 9),
(2431, 'r12s15', 0, 0, 0, 9),
(2432, 'r12s16', 0, 0, 0, 9),
(2433, 'r12s17', 0, 0, 0, 9),
(2434, 'r12s18', 0, 0, 0, 9),
(2435, 'r12s19', 0, 0, 0, 9),
(2436, 'r12s20', 0, 0, 0, 9),
(2437, 'r12s21', 0, 0, 0, 9),
(2438, 'r13s1', 0, 0, 0, 9),
(2439, 'r13s2', 0, 0, 0, 9),
(2440, 'r13s3', 0, 0, 0, 9),
(2441, 'r13s4', 0, 0, 0, 9),
(2442, 'r13s5', 0, 0, 0, 9),
(2443, 'r13s6', 0, 0, 0, 9),
(2444, 'r13s7', 0, 0, 0, 9),
(2445, 'r13s8', 0, 0, 0, 9),
(2446, 'r13s9', 0, 0, 0, 9),
(2447, 'r13s10', 0, 0, 0, 9),
(2448, 'r13s11', 0, 0, 0, 9),
(2449, 'r13s12', 0, 0, 0, 9),
(2450, 'r13s13', 0, 0, 0, 9),
(2451, 'r13s14', 0, 0, 0, 9),
(2452, 'r13s15', 0, 0, 0, 9),
(2453, 'r13s16', 0, 0, 0, 9),
(2454, 'r13s17', 0, 0, 0, 9),
(2455, 'r13s18', 0, 0, 0, 9),
(2456, 'r13s19', 0, 0, 0, 9),
(2457, 'r13s20', 0, 0, 0, 9),
(2458, 'r13s21', 0, 0, 0, 9),
(2459, 'r14s1', 0, 0, 0, 9),
(2460, 'r14s2', 0, 0, 0, 9),
(2461, 'r14s3', 0, 0, 0, 9),
(2462, 'r14s4', 0, 0, 0, 9),
(2463, 'r14s5', 0, 0, 0, 9),
(2464, 'r14s6', 0, 0, 0, 9),
(2465, 'r14s7', 0, 0, 0, 9),
(2466, 'r14s8', 0, 0, 0, 9),
(2467, 'r14s9', 0, 0, 0, 9),
(2468, 'r14s10', 0, 0, 0, 9),
(2469, 'r14s11', 0, 0, 0, 9),
(2470, 'r14s12', 0, 0, 0, 9),
(2471, 'r14s13', 0, 0, 0, 9),
(2472, 'r14s14', 0, 0, 0, 9),
(2473, 'r14s15', 0, 0, 0, 9),
(2474, 'r14s16', 0, 0, 0, 9),
(2475, 'r14s17', 0, 0, 0, 9),
(2476, 'r14s18', 0, 0, 0, 9),
(2477, 'r14s19', 0, 0, 0, 9),
(2478, 'r14s20', 0, 0, 0, 9),
(2479, 'r14s21', 0, 0, 0, 9),
(2480, 'r15s1', 0, 0, 0, 9),
(2481, 'r15s2', 0, 0, 0, 9),
(2482, 'r15s3', 0, 0, 0, 9),
(2483, 'r15s4', 0, 0, 0, 9),
(2484, 'r15s5', 0, 0, 0, 9),
(2485, 'r15s6', 0, 0, 0, 9),
(2486, 'r15s7', 0, 0, 0, 9),
(2487, 'r15s8', 0, 0, 0, 9),
(2488, 'r15s9', 0, 0, 0, 9),
(2489, 'r15s10', 0, 0, 0, 9),
(2490, 'r15s11', 0, 0, 0, 9),
(2491, 'r15s12', 0, 0, 0, 9),
(2492, 'r15s13', 0, 0, 0, 9),
(2493, 'r15s14', 0, 0, 0, 9),
(2494, 'r15s15', 0, 0, 0, 9),
(2495, 'r15s16', 0, 0, 0, 9),
(2496, 'r15s17', 0, 0, 0, 9),
(2497, 'r15s18', 0, 0, 0, 9),
(2498, 'r15s19', 0, 0, 0, 9),
(2499, 'r15s20', 0, 0, 0, 9),
(2500, 'r15s21', 0, 0, 0, 9),
(2501, 'r16s1', 0, 0, 0, 9),
(2502, 'r16s2', 0, 0, 0, 9),
(2503, 'r16s3', 0, 0, 0, 9),
(2504, 'r16s4', 0, 0, 0, 9),
(2505, 'r16s5', 0, 0, 0, 9),
(2506, 'r16s6', 0, 0, 0, 9),
(2507, 'r16s7', 0, 0, 0, 9),
(2508, 'r16s8', 0, 0, 0, 9),
(2509, 'r16s9', 0, 0, 0, 9),
(2510, 'r16s10', 0, 0, 0, 9),
(2511, 'r16s11', 0, 0, 0, 9),
(2512, 'r16s12', 0, 0, 0, 9),
(2513, 'r16s13', 0, 0, 0, 9),
(2514, 'r16s14', 0, 0, 0, 9),
(2515, 'r16s15', 0, 0, 0, 9),
(2516, 'r16s16', 0, 0, 0, 9),
(2517, 'r16s17', 0, 0, 0, 9),
(2518, 'r16s18', 0, 0, 0, 9),
(2519, 'r16s19', 0, 0, 0, 9),
(2520, 'r16s20', 0, 0, 0, 9),
(2521, 'r16s21', 0, 0, 0, 9),
(2522, 'r1s1', 0, 0, 0, 10),
(2523, 'r1s2', 1, 0, 0, 10),
(2524, 'r1s3', 1, 0, 0, 10),
(2525, 'r1s4', 1, 0, 0, 10),
(2526, 'r1s5', 0, 0, 0, 10),
(2527, 'r1s6', 0, 0, 0, 10),
(2528, 'r1s7', 0, 1, 0, 10),
(2529, 'r1s8', 0, 1, 0, 10),
(2530, 'r1s9', 1, 0, 0, 10),
(2531, 'r1s10', 1, 0, 0, 10),
(2532, 'r1s11', 0, 0, 0, 10),
(2533, 'r1s12', 0, 0, 0, 10),
(2534, 'r1s13', 1, 0, 0, 10),
(2535, 'r1s14', 1, 0, 0, 10),
(2536, 'r1s15', 0, 0, 0, 10),
(2537, 'r1s16', 0, 0, 0, 10),
(2538, 'r1s17', 0, 0, 0, 10),
(2539, 'r1s18', 0, 0, 0, 10),
(2540, 'r1s19', 0, 0, 0, 10),
(2541, 'r1s20', 0, 0, 0, 10),
(2542, 'r2s1', 0, 0, 0, 10),
(2543, 'r2s2', 0, 0, 0, 10),
(2544, 'r2s3', 0, 0, 0, 10),
(2545, 'r2s4', 0, 0, 0, 10),
(2546, 'r2s5', 0, 0, 0, 10),
(2547, 'r2s6', 0, 0, 0, 10),
(2548, 'r2s7', 0, 0, 0, 10),
(2549, 'r2s8', 0, 0, 0, 10),
(2550, 'r2s9', 0, 0, 0, 10),
(2551, 'r2s10', 0, 0, 0, 10),
(2552, 'r2s11', 0, 0, 0, 10),
(2553, 'r2s12', 0, 0, 0, 10),
(2554, 'r2s13', 0, 0, 0, 10),
(2555, 'r2s14', 0, 0, 0, 10),
(2556, 'r2s15', 0, 0, 0, 10),
(2557, 'r2s16', 0, 0, 0, 10),
(2558, 'r2s17', 0, 0, 0, 10),
(2559, 'r2s18', 0, 0, 0, 10),
(2560, 'r2s19', 0, 0, 0, 10),
(2561, 'r2s20', 0, 0, 0, 10),
(2562, 'r3s1', 0, 0, 0, 10),
(2563, 'r3s2', 0, 0, 0, 10),
(2564, 'r3s3', 0, 0, 0, 10),
(2565, 'r3s4', 0, 0, 0, 10),
(2566, 'r3s5', 1, 0, 0, 10),
(2567, 'r3s6', 1, 0, 0, 10),
(2568, 'r3s7', 0, 0, 0, 10),
(2569, 'r3s8', 0, 0, 0, 10),
(2570, 'r3s9', 0, 0, 0, 10),
(2571, 'r3s10', 0, 0, 0, 10),
(2572, 'r3s11', 0, 0, 0, 10),
(2573, 'r3s12', 0, 0, 0, 10),
(2574, 'r3s13', 1, 0, 0, 10),
(2575, 'r3s14', 1, 0, 0, 10),
(2576, 'r3s15', 0, 0, 0, 10),
(2577, 'r3s16', 0, 0, 0, 10),
(2578, 'r3s17', 0, 0, 0, 10),
(2579, 'r3s18', 0, 0, 0, 10),
(2580, 'r3s19', 0, 0, 0, 10),
(2581, 'r3s20', 0, 0, 0, 10),
(2582, 'r4s1', 0, 0, 0, 10),
(2583, 'r4s2', 0, 0, 0, 10),
(2584, 'r4s3', 0, 0, 0, 10),
(2585, 'r4s4', 0, 0, 0, 10),
(2586, 'r4s5', 0, 0, 0, 10),
(2587, 'r4s6', 0, 0, 0, 10),
(2588, 'r4s7', 0, 0, 0, 10),
(2589, 'r4s8', 0, 0, 0, 10),
(2590, 'r4s9', 0, 0, 0, 10),
(2591, 'r4s10', 0, 0, 0, 10),
(2592, 'r4s11', 0, 0, 0, 10),
(2593, 'r4s12', 0, 0, 0, 10),
(2594, 'r4s13', 0, 0, 0, 10),
(2595, 'r4s14', 0, 0, 0, 10),
(2596, 'r4s15', 0, 0, 0, 10),
(2597, 'r4s16', 0, 0, 0, 10),
(2598, 'r4s17', 0, 0, 0, 10),
(2599, 'r4s18', 0, 0, 0, 10),
(2600, 'r4s19', 0, 0, 0, 10),
(2601, 'r4s20', 0, 0, 0, 10),
(2602, 'r5s1', 0, 0, 0, 10),
(2603, 'r5s2', 0, 0, 0, 10),
(2604, 'r5s3', 0, 0, 0, 10),
(2605, 'r5s4', 0, 0, 0, 10),
(2606, 'r5s5', 0, 0, 0, 10),
(2607, 'r5s6', 0, 0, 0, 10),
(2608, 'r5s7', 0, 0, 0, 10),
(2609, 'r5s8', 0, 0, 0, 10),
(2610, 'r5s9', 0, 0, 0, 10),
(2611, 'r5s10', 0, 0, 0, 10),
(2612, 'r5s11', 0, 0, 0, 10),
(2613, 'r5s12', 0, 0, 0, 10),
(2614, 'r5s13', 0, 0, 0, 10),
(2615, 'r5s14', 0, 0, 0, 10),
(2616, 'r5s15', 0, 0, 0, 10),
(2617, 'r5s16', 0, 0, 0, 10),
(2618, 'r5s17', 0, 0, 0, 10),
(2619, 'r5s18', 0, 0, 0, 10),
(2620, 'r5s19', 0, 0, 0, 10),
(2621, 'r5s20', 0, 0, 0, 10),
(2622, 'r6s1', 0, 0, 0, 10),
(2623, 'r6s2', 0, 0, 0, 10),
(2624, 'r6s3', 0, 0, 0, 10),
(2625, 'r6s4', 0, 0, 0, 10),
(2626, 'r6s5', 0, 0, 0, 10),
(2627, 'r6s6', 0, 0, 0, 10),
(2628, 'r6s7', 0, 0, 0, 10),
(2629, 'r6s8', 0, 0, 0, 10),
(2630, 'r6s9', 0, 0, 0, 10),
(2631, 'r6s10', 0, 0, 0, 10),
(2632, 'r6s11', 0, 0, 0, 10),
(2633, 'r6s12', 0, 0, 0, 10),
(2634, 'r6s13', 0, 0, 0, 10),
(2635, 'r6s14', 0, 0, 0, 10),
(2636, 'r6s15', 0, 0, 0, 10),
(2637, 'r6s16', 0, 0, 0, 10),
(2638, 'r6s17', 0, 0, 0, 10),
(2639, 'r6s18', 0, 0, 0, 10),
(2640, 'r6s19', 0, 0, 0, 10),
(2641, 'r6s20', 0, 0, 0, 10),
(2642, 'r7s1', 0, 0, 0, 10),
(2643, 'r7s2', 0, 0, 0, 10),
(2644, 'r7s3', 0, 0, 0, 10),
(2645, 'r7s4', 0, 0, 0, 10),
(2646, 'r7s5', 0, 0, 0, 10),
(2647, 'r7s6', 0, 0, 0, 10),
(2648, 'r7s7', 0, 0, 0, 10),
(2649, 'r7s8', 0, 0, 0, 10),
(2650, 'r7s9', 0, 0, 0, 10),
(2651, 'r7s10', 0, 0, 0, 10),
(2652, 'r7s11', 0, 0, 0, 10),
(2653, 'r7s12', 0, 0, 0, 10),
(2654, 'r7s13', 0, 0, 0, 10),
(2655, 'r7s14', 0, 0, 0, 10),
(2656, 'r7s15', 0, 0, 0, 10),
(2657, 'r7s16', 0, 0, 0, 10),
(2658, 'r7s17', 0, 0, 0, 10),
(2659, 'r7s18', 0, 0, 0, 10),
(2660, 'r7s19', 0, 0, 0, 10),
(2661, 'r7s20', 0, 0, 0, 10),
(2662, 'r8s1', 0, 0, 0, 10),
(2663, 'r8s2', 0, 0, 0, 10),
(2664, 'r8s3', 0, 0, 0, 10),
(2665, 'r8s4', 0, 0, 0, 10),
(2666, 'r8s5', 0, 0, 0, 10),
(2667, 'r8s6', 0, 0, 0, 10),
(2668, 'r8s7', 0, 0, 0, 10),
(2669, 'r8s8', 0, 0, 0, 10),
(2670, 'r8s9', 0, 0, 0, 10),
(2671, 'r8s10', 0, 0, 0, 10),
(2672, 'r8s11', 0, 0, 0, 10),
(2673, 'r8s12', 0, 0, 0, 10),
(2674, 'r8s13', 0, 0, 0, 10),
(2675, 'r8s14', 0, 0, 0, 10),
(2676, 'r8s15', 0, 0, 0, 10),
(2677, 'r8s16', 0, 0, 0, 10),
(2678, 'r8s17', 0, 0, 0, 10),
(2679, 'r8s18', 0, 0, 0, 10),
(2680, 'r8s19', 0, 0, 0, 10),
(2681, 'r8s20', 0, 0, 0, 10),
(2682, 'r9s1', 0, 0, 0, 10),
(2683, 'r9s2', 0, 0, 0, 10),
(2684, 'r9s3', 0, 0, 0, 10),
(2685, 'r9s4', 0, 0, 0, 10),
(2686, 'r9s5', 0, 0, 0, 10),
(2687, 'r9s6', 0, 0, 0, 10),
(2688, 'r9s7', 0, 0, 0, 10),
(2689, 'r9s8', 0, 0, 0, 10),
(2690, 'r9s9', 0, 0, 0, 10),
(2691, 'r9s10', 0, 0, 0, 10),
(2692, 'r9s11', 0, 0, 0, 10),
(2693, 'r9s12', 0, 0, 0, 10),
(2694, 'r9s13', 0, 0, 0, 10),
(2695, 'r9s14', 0, 0, 0, 10),
(2696, 'r9s15', 0, 0, 0, 10),
(2697, 'r9s16', 0, 0, 0, 10),
(2698, 'r9s17', 0, 0, 0, 10),
(2699, 'r9s18', 0, 0, 0, 10),
(2700, 'r9s19', 0, 0, 0, 10),
(2701, 'r9s20', 0, 0, 0, 10),
(2702, 'r10s1', 0, 0, 0, 10),
(2703, 'r10s2', 0, 0, 0, 10),
(2704, 'r10s3', 0, 0, 0, 10),
(2705, 'r10s4', 0, 0, 0, 10),
(2706, 'r10s5', 0, 0, 0, 10),
(2707, 'r10s6', 0, 0, 0, 10),
(2708, 'r10s7', 0, 0, 0, 10),
(2709, 'r10s8', 0, 0, 0, 10),
(2710, 'r10s9', 0, 0, 0, 10),
(2711, 'r10s10', 0, 0, 0, 10),
(2712, 'r10s11', 0, 0, 0, 10),
(2713, 'r10s12', 0, 0, 0, 10),
(2714, 'r10s13', 0, 0, 0, 10),
(2715, 'r10s14', 0, 0, 0, 10),
(2716, 'r10s15', 0, 0, 0, 10),
(2717, 'r10s16', 0, 0, 0, 10),
(2718, 'r10s17', 0, 0, 0, 10),
(2719, 'r10s18', 0, 0, 0, 10),
(2720, 'r10s19', 0, 0, 0, 10),
(2721, 'r10s20', 0, 0, 0, 10),
(2722, 'r11s1', 0, 0, 0, 10),
(2723, 'r11s2', 0, 0, 0, 10),
(2724, 'r11s3', 0, 0, 0, 10),
(2725, 'r11s4', 0, 0, 0, 10),
(2726, 'r11s5', 0, 0, 0, 10),
(2727, 'r11s6', 0, 0, 0, 10),
(2728, 'r11s7', 0, 0, 0, 10),
(2729, 'r11s8', 0, 0, 0, 10),
(2730, 'r11s9', 0, 0, 0, 10),
(2731, 'r11s10', 0, 0, 0, 10),
(2732, 'r11s11', 0, 0, 0, 10),
(2733, 'r11s12', 0, 0, 0, 10),
(2734, 'r11s13', 0, 0, 0, 10),
(2735, 'r11s14', 0, 0, 0, 10),
(2736, 'r11s15', 0, 0, 0, 10),
(2737, 'r11s16', 0, 0, 0, 10),
(2738, 'r11s17', 0, 0, 0, 10),
(2739, 'r11s18', 0, 0, 0, 10),
(2740, 'r11s19', 0, 0, 0, 10),
(2741, 'r11s20', 0, 0, 0, 10),
(2742, 'r12s1', 0, 0, 0, 10),
(2743, 'r12s2', 0, 0, 0, 10),
(2744, 'r12s3', 0, 0, 0, 10),
(2745, 'r12s4', 0, 0, 0, 10),
(2746, 'r12s5', 0, 0, 0, 10),
(2747, 'r12s6', 0, 0, 0, 10),
(2748, 'r12s7', 0, 0, 0, 10),
(2749, 'r12s8', 0, 0, 0, 10),
(2750, 'r12s9', 0, 0, 0, 10),
(2751, 'r12s10', 0, 0, 0, 10),
(2752, 'r12s11', 0, 0, 0, 10),
(2753, 'r12s12', 0, 0, 0, 10),
(2754, 'r12s13', 0, 0, 0, 10),
(2755, 'r12s14', 0, 0, 0, 10),
(2756, 'r12s15', 0, 0, 0, 10),
(2757, 'r12s16', 0, 0, 0, 10),
(2758, 'r12s17', 0, 0, 0, 10),
(2759, 'r12s18', 0, 0, 0, 10),
(2760, 'r12s19', 0, 0, 0, 10),
(2761, 'r12s20', 0, 0, 0, 10),
(2762, 'r13s1', 0, 0, 0, 10),
(2763, 'r13s2', 0, 0, 0, 10),
(2764, 'r13s3', 0, 0, 0, 10),
(2765, 'r13s4', 0, 0, 0, 10),
(2766, 'r13s5', 0, 0, 0, 10),
(2767, 'r13s6', 0, 0, 0, 10),
(2768, 'r13s7', 0, 0, 0, 10),
(2769, 'r13s8', 0, 0, 0, 10),
(2770, 'r13s9', 0, 0, 0, 10),
(2771, 'r13s10', 0, 0, 0, 10),
(2772, 'r13s11', 0, 0, 0, 10),
(2773, 'r13s12', 0, 0, 0, 10),
(2774, 'r13s13', 0, 0, 0, 10),
(2775, 'r13s14', 0, 0, 0, 10),
(2776, 'r13s15', 0, 0, 0, 10),
(2777, 'r13s16', 0, 0, 0, 10),
(2778, 'r13s17', 0, 0, 0, 10),
(2779, 'r13s18', 0, 0, 0, 10),
(2780, 'r13s19', 0, 0, 0, 10),
(2781, 'r13s20', 0, 0, 0, 10),
(2782, 'r14s1', 0, 0, 0, 10),
(2783, 'r14s2', 0, 0, 0, 10),
(2784, 'r14s3', 0, 0, 0, 10),
(2785, 'r14s4', 0, 0, 0, 10),
(2786, 'r14s5', 0, 0, 0, 10),
(2787, 'r14s6', 0, 0, 0, 10),
(2788, 'r14s7', 0, 0, 0, 10),
(2789, 'r14s8', 0, 0, 0, 10),
(2790, 'r14s9', 0, 0, 0, 10),
(2791, 'r14s10', 0, 0, 0, 10),
(2792, 'r14s11', 0, 0, 0, 10),
(2793, 'r14s12', 0, 0, 0, 10),
(2794, 'r14s13', 0, 0, 0, 10),
(2795, 'r14s14', 0, 0, 0, 10),
(2796, 'r14s15', 0, 0, 0, 10),
(2797, 'r14s16', 0, 0, 0, 10),
(2798, 'r14s17', 0, 0, 0, 10),
(2799, 'r14s18', 0, 0, 0, 10),
(2800, 'r14s19', 0, 0, 0, 10),
(2801, 'r14s20', 0, 0, 0, 10),
(2802, 'r15s1', 0, 0, 0, 10),
(2803, 'r15s2', 0, 0, 0, 10),
(2804, 'r15s3', 0, 0, 0, 10),
(2805, 'r15s4', 0, 0, 0, 10),
(2806, 'r15s5', 0, 0, 0, 10),
(2807, 'r15s6', 0, 0, 0, 10),
(2808, 'r15s7', 0, 0, 0, 10),
(2809, 'r15s8', 0, 0, 0, 10),
(2810, 'r15s9', 0, 0, 0, 10),
(2811, 'r15s10', 0, 0, 0, 10),
(2812, 'r15s11', 0, 0, 0, 10),
(2813, 'r15s12', 0, 0, 0, 10),
(2814, 'r15s13', 0, 0, 0, 10),
(2815, 'r15s14', 0, 0, 0, 10),
(2816, 'r15s15', 0, 0, 0, 10),
(2817, 'r15s16', 0, 0, 0, 10),
(2818, 'r15s17', 0, 0, 0, 10),
(2819, 'r15s18', 0, 0, 0, 10),
(2820, 'r15s19', 0, 0, 0, 10),
(2821, 'r15s20', 0, 0, 0, 10),
(2822, 'r16s1', 0, 0, 0, 10),
(2823, 'r16s2', 0, 0, 0, 10),
(2824, 'r16s3', 0, 0, 0, 10),
(2825, 'r16s4', 0, 0, 0, 10),
(2826, 'r16s5', 0, 0, 0, 10),
(2827, 'r16s6', 0, 0, 0, 10),
(2828, 'r16s7', 0, 0, 0, 10),
(2829, 'r16s8', 0, 0, 0, 10),
(2830, 'r16s9', 0, 0, 0, 10),
(2831, 'r16s10', 0, 0, 0, 10),
(2832, 'r16s11', 0, 0, 0, 10),
(2833, 'r16s12', 0, 0, 0, 10),
(2834, 'r16s13', 0, 0, 0, 10),
(2835, 'r16s14', 0, 0, 0, 10),
(2836, 'r16s15', 0, 0, 0, 10),
(2837, 'r16s16', 0, 0, 0, 10),
(2838, 'r16s17', 0, 0, 0, 10),
(2839, 'r16s18', 0, 0, 0, 10),
(2840, 'r16s19', 0, 0, 0, 10),
(2841, 'r16s20', 0, 0, 0, 10),
(2842, 'r1s1', 0, 0, 0, 11),
(2843, 'r1s2', 0, 0, 0, 11),
(2844, 'r1s3', 0, 0, 0, 11),
(2845, 'r1s4', 0, 0, 0, 11),
(2846, 'r1s5', 0, 0, 0, 11),
(2847, 'r1s6', 0, 0, 0, 11),
(2848, 'r1s7', 0, 1, 0, 11),
(2849, 'r1s8', 0, 1, 0, 11),
(2850, 'r1s9', 1, 0, 0, 11),
(2851, 'r1s10', 1, 0, 0, 11),
(2852, 'r1s11', 0, 0, 0, 11),
(2853, 'r1s12', 0, 0, 0, 11),
(2854, 'r1s13', 0, 0, 0, 11),
(2855, 'r1s14', 1, 0, 0, 11),
(2856, 'r1s15', 1, 0, 0, 11),
(2857, 'r1s16', 0, 0, 0, 11),
(2858, 'r1s17', 0, 0, 0, 11),
(2859, 'r1s18', 0, 0, 0, 11),
(2860, 'r1s19', 0, 0, 0, 11),
(2861, 'r1s20', 0, 0, 0, 11),
(2862, 'r1s21', 0, 0, 0, 11),
(2863, 'r2s1', 0, 0, 0, 11),
(2864, 'r2s2', 1, 0, 0, 11),
(2865, 'r2s3', 1, 0, 0, 11),
(2866, 'r2s4', 1, 0, 0, 11),
(2867, 'r2s5', 0, 0, 0, 11),
(2868, 'r2s6', 0, 0, 0, 11),
(2869, 'r2s7', 0, 0, 0, 11),
(2870, 'r2s8', 0, 0, 0, 11),
(2871, 'r2s9', 0, 0, 0, 11),
(2872, 'r2s10', 0, 0, 0, 11),
(2873, 'r2s11', 0, 0, 0, 11),
(2874, 'r2s12', 0, 0, 0, 11),
(2875, 'r2s13', 0, 0, 0, 11),
(2876, 'r2s14', 0, 0, 0, 11),
(2877, 'r2s15', 0, 0, 0, 11),
(2878, 'r2s16', 0, 0, 0, 11),
(2879, 'r2s17', 0, 0, 0, 11),
(2880, 'r2s18', 0, 0, 0, 11),
(2881, 'r2s19', 0, 0, 0, 11),
(2882, 'r2s20', 0, 0, 0, 11),
(2883, 'r2s21', 0, 0, 0, 11),
(2884, 'r3s1', 0, 0, 0, 11),
(2885, 'r3s2', 0, 0, 0, 11),
(2886, 'r3s3', 0, 0, 0, 11),
(2887, 'r3s4', 0, 0, 0, 11),
(2888, 'r3s5', 0, 0, 0, 11),
(2889, 'r3s6', 0, 0, 0, 11),
(2890, 'r3s7', 0, 0, 0, 11),
(2891, 'r3s8', 0, 0, 0, 11),
(2892, 'r3s9', 0, 0, 0, 11),
(2893, 'r3s10', 1, 0, 0, 11),
(2894, 'r3s11', 1, 0, 0, 11),
(2895, 'r3s12', 1, 0, 0, 11),
(2896, 'r3s13', 1, 0, 0, 11),
(2897, 'r3s14', 0, 0, 0, 11),
(2898, 'r3s15', 0, 0, 0, 11),
(2899, 'r3s16', 0, 0, 0, 11),
(2900, 'r3s17', 0, 0, 0, 11),
(2901, 'r3s18', 0, 0, 0, 11),
(2902, 'r3s19', 0, 0, 0, 11),
(2903, 'r3s20', 0, 0, 0, 11),
(2904, 'r3s21', 0, 0, 0, 11),
(2905, 'r4s1', 0, 0, 0, 11),
(2906, 'r4s2', 0, 0, 0, 11),
(2907, 'r4s3', 0, 0, 0, 11),
(2908, 'r4s4', 0, 0, 0, 11),
(2909, 'r4s5', 0, 0, 0, 11),
(2910, 'r4s6', 0, 0, 0, 11),
(2911, 'r4s7', 0, 0, 0, 11),
(2912, 'r4s8', 0, 0, 0, 11),
(2913, 'r4s9', 0, 0, 0, 11),
(2914, 'r4s10', 0, 0, 0, 11),
(2915, 'r4s11', 0, 0, 0, 11),
(2916, 'r4s12', 0, 0, 0, 11),
(2917, 'r4s13', 0, 0, 0, 11),
(2918, 'r4s14', 0, 0, 0, 11),
(2919, 'r4s15', 0, 0, 0, 11),
(2920, 'r4s16', 0, 0, 0, 11),
(2921, 'r4s17', 0, 0, 0, 11),
(2922, 'r4s18', 0, 0, 0, 11),
(2923, 'r4s19', 0, 0, 0, 11),
(2924, 'r4s20', 0, 0, 0, 11),
(2925, 'r4s21', 0, 0, 0, 11),
(2926, 'r5s1', 0, 0, 0, 11),
(2927, 'r5s2', 0, 0, 0, 11),
(2928, 'r5s3', 0, 0, 0, 11),
(2929, 'r5s4', 0, 0, 0, 11),
(2930, 'r5s5', 0, 0, 0, 11),
(2931, 'r5s6', 0, 0, 0, 11),
(2932, 'r5s7', 0, 0, 0, 11),
(2933, 'r5s8', 0, 0, 0, 11),
(2934, 'r5s9', 0, 0, 0, 11),
(2935, 'r5s10', 0, 0, 0, 11),
(2936, 'r5s11', 0, 0, 0, 11),
(2937, 'r5s12', 0, 0, 0, 11),
(2938, 'r5s13', 0, 0, 0, 11),
(2939, 'r5s14', 0, 0, 0, 11),
(2940, 'r5s15', 0, 0, 0, 11),
(2941, 'r5s16', 0, 0, 0, 11),
(2942, 'r5s17', 0, 0, 0, 11),
(2943, 'r5s18', 0, 0, 0, 11),
(2944, 'r5s19', 0, 0, 0, 11),
(2945, 'r5s20', 0, 0, 0, 11),
(2946, 'r5s21', 0, 0, 0, 11),
(2947, 'r6s1', 0, 0, 0, 11),
(2948, 'r6s2', 0, 0, 0, 11),
(2949, 'r6s3', 0, 0, 0, 11),
(2950, 'r6s4', 0, 0, 0, 11),
(2951, 'r6s5', 0, 0, 0, 11),
(2952, 'r6s6', 0, 0, 0, 11),
(2953, 'r6s7', 0, 0, 0, 11),
(2954, 'r6s8', 0, 0, 0, 11),
(2955, 'r6s9', 0, 0, 0, 11),
(2956, 'r6s10', 0, 0, 0, 11),
(2957, 'r6s11', 0, 0, 0, 11),
(2958, 'r6s12', 0, 0, 0, 11),
(2959, 'r6s13', 0, 0, 0, 11),
(2960, 'r6s14', 0, 0, 0, 11),
(2961, 'r6s15', 0, 0, 0, 11),
(2962, 'r6s16', 0, 0, 0, 11),
(2963, 'r6s17', 0, 0, 0, 11),
(2964, 'r6s18', 0, 0, 0, 11),
(2965, 'r6s19', 0, 0, 0, 11),
(2966, 'r6s20', 0, 0, 0, 11),
(2967, 'r6s21', 0, 0, 0, 11),
(2968, 'r7s1', 0, 0, 0, 11),
(2969, 'r7s2', 0, 0, 0, 11),
(2970, 'r7s3', 0, 0, 0, 11),
(2971, 'r7s4', 0, 0, 0, 11),
(2972, 'r7s5', 0, 0, 0, 11),
(2973, 'r7s6', 0, 0, 0, 11),
(2974, 'r7s7', 0, 0, 0, 11),
(2975, 'r7s8', 0, 0, 0, 11),
(2976, 'r7s9', 0, 0, 0, 11),
(2977, 'r7s10', 0, 0, 0, 11),
(2978, 'r7s11', 0, 0, 0, 11),
(2979, 'r7s12', 0, 0, 0, 11),
(2980, 'r7s13', 0, 0, 0, 11),
(2981, 'r7s14', 0, 0, 0, 11),
(2982, 'r7s15', 0, 0, 0, 11),
(2983, 'r7s16', 0, 0, 0, 11),
(2984, 'r7s17', 0, 0, 0, 11),
(2985, 'r7s18', 0, 0, 0, 11),
(2986, 'r7s19', 0, 0, 0, 11),
(2987, 'r7s20', 0, 0, 0, 11),
(2988, 'r7s21', 0, 0, 0, 11),
(2989, 'r8s1', 0, 0, 0, 11),
(2990, 'r8s2', 0, 0, 0, 11),
(2991, 'r8s3', 0, 0, 0, 11),
(2992, 'r8s4', 0, 0, 0, 11),
(2993, 'r8s5', 0, 0, 0, 11),
(2994, 'r8s6', 0, 0, 0, 11),
(2995, 'r8s7', 0, 0, 0, 11),
(2996, 'r8s8', 0, 0, 0, 11),
(2997, 'r8s9', 0, 0, 0, 11),
(2998, 'r8s10', 0, 0, 0, 11),
(2999, 'r8s11', 0, 0, 0, 11),
(3000, 'r8s12', 0, 0, 0, 11),
(3001, 'r8s13', 0, 0, 0, 11),
(3002, 'r8s14', 0, 0, 0, 11),
(3003, 'r8s15', 0, 0, 0, 11),
(3004, 'r8s16', 0, 0, 0, 11),
(3005, 'r8s17', 0, 0, 0, 11),
(3006, 'r8s18', 0, 0, 0, 11),
(3007, 'r8s19', 0, 0, 0, 11),
(3008, 'r8s20', 0, 0, 0, 11),
(3009, 'r8s21', 0, 0, 0, 11),
(3010, 'r9s1', 0, 0, 0, 11),
(3011, 'r9s2', 0, 0, 0, 11),
(3012, 'r9s3', 0, 0, 0, 11),
(3013, 'r9s4', 0, 0, 0, 11),
(3014, 'r9s5', 0, 0, 0, 11),
(3015, 'r9s6', 0, 0, 0, 11),
(3016, 'r9s7', 0, 0, 0, 11),
(3017, 'r9s8', 0, 0, 0, 11),
(3018, 'r9s9', 0, 0, 0, 11),
(3019, 'r9s10', 0, 0, 0, 11),
(3020, 'r9s11', 0, 0, 0, 11),
(3021, 'r9s12', 0, 0, 0, 11),
(3022, 'r9s13', 0, 0, 0, 11),
(3023, 'r9s14', 0, 0, 0, 11),
(3024, 'r9s15', 0, 0, 0, 11),
(3025, 'r9s16', 0, 0, 0, 11),
(3026, 'r9s17', 0, 0, 0, 11),
(3027, 'r9s18', 0, 0, 0, 11),
(3028, 'r9s19', 0, 0, 0, 11),
(3029, 'r9s20', 0, 0, 0, 11),
(3030, 'r9s21', 0, 0, 0, 11),
(3031, 'r10s1', 0, 0, 0, 11),
(3032, 'r10s2', 0, 0, 0, 11),
(3033, 'r10s3', 0, 0, 0, 11),
(3034, 'r10s4', 0, 0, 0, 11),
(3035, 'r10s5', 0, 0, 0, 11),
(3036, 'r10s6', 0, 0, 0, 11),
(3037, 'r10s7', 0, 0, 0, 11),
(3038, 'r10s8', 0, 0, 0, 11),
(3039, 'r10s9', 0, 0, 0, 11),
(3040, 'r10s10', 0, 0, 0, 11),
(3041, 'r10s11', 0, 0, 0, 11),
(3042, 'r10s12', 0, 0, 0, 11),
(3043, 'r10s13', 0, 0, 0, 11),
(3044, 'r10s14', 0, 0, 0, 11),
(3045, 'r10s15', 0, 0, 0, 11),
(3046, 'r10s16', 0, 0, 0, 11),
(3047, 'r10s17', 0, 0, 0, 11),
(3048, 'r10s18', 0, 0, 0, 11),
(3049, 'r10s19', 0, 0, 0, 11),
(3050, 'r10s20', 0, 0, 0, 11),
(3051, 'r10s21', 0, 0, 0, 11),
(3052, 'r11s1', 0, 0, 0, 11),
(3053, 'r11s2', 0, 0, 0, 11),
(3054, 'r11s3', 0, 0, 0, 11),
(3055, 'r11s4', 0, 0, 0, 11),
(3056, 'r11s5', 0, 0, 0, 11),
(3057, 'r11s6', 0, 0, 0, 11),
(3058, 'r11s7', 0, 0, 0, 11),
(3059, 'r11s8', 0, 0, 0, 11),
(3060, 'r11s9', 0, 0, 0, 11),
(3061, 'r11s10', 0, 0, 0, 11),
(3062, 'r11s11', 0, 0, 0, 11),
(3063, 'r11s12', 0, 0, 0, 11),
(3064, 'r11s13', 0, 0, 0, 11),
(3065, 'r11s14', 0, 0, 0, 11),
(3066, 'r11s15', 0, 0, 0, 11),
(3067, 'r11s16', 0, 0, 0, 11),
(3068, 'r11s17', 0, 0, 0, 11),
(3069, 'r11s18', 0, 0, 0, 11),
(3070, 'r11s19', 0, 0, 0, 11),
(3071, 'r11s20', 0, 0, 0, 11),
(3072, 'r11s21', 0, 0, 0, 11),
(3073, 'r12s1', 0, 0, 0, 11),
(3074, 'r12s2', 0, 0, 0, 11),
(3075, 'r12s3', 0, 0, 0, 11),
(3076, 'r12s4', 0, 0, 0, 11),
(3077, 'r12s5', 0, 0, 0, 11),
(3078, 'r12s6', 0, 0, 0, 11),
(3079, 'r12s7', 0, 0, 0, 11),
(3080, 'r12s8', 0, 0, 0, 11),
(3081, 'r12s9', 0, 0, 0, 11),
(3082, 'r12s10', 0, 0, 0, 11),
(3083, 'r12s11', 0, 0, 0, 11),
(3084, 'r12s12', 0, 0, 0, 11),
(3085, 'r12s13', 0, 0, 0, 11),
(3086, 'r12s14', 0, 0, 0, 11),
(3087, 'r12s15', 0, 0, 0, 11),
(3088, 'r12s16', 0, 0, 0, 11),
(3089, 'r12s17', 0, 0, 0, 11),
(3090, 'r12s18', 0, 0, 0, 11),
(3091, 'r12s19', 0, 0, 0, 11),
(3092, 'r12s20', 0, 0, 0, 11),
(3093, 'r12s21', 0, 0, 0, 11),
(3094, 'r13s1', 0, 0, 0, 11),
(3095, 'r13s2', 0, 0, 0, 11),
(3096, 'r13s3', 0, 0, 0, 11),
(3097, 'r13s4', 0, 0, 0, 11),
(3098, 'r13s5', 0, 0, 0, 11),
(3099, 'r13s6', 0, 0, 0, 11),
(3100, 'r13s7', 0, 0, 0, 11),
(3101, 'r13s8', 0, 0, 0, 11),
(3102, 'r13s9', 0, 0, 0, 11),
(3103, 'r13s10', 0, 0, 0, 11),
(3104, 'r13s11', 0, 0, 0, 11),
(3105, 'r13s12', 0, 0, 0, 11),
(3106, 'r13s13', 0, 0, 0, 11),
(3107, 'r13s14', 0, 0, 0, 11),
(3108, 'r13s15', 0, 0, 0, 11),
(3109, 'r13s16', 0, 0, 0, 11),
(3110, 'r13s17', 0, 0, 0, 11),
(3111, 'r13s18', 0, 0, 0, 11),
(3112, 'r13s19', 0, 0, 0, 11),
(3113, 'r13s20', 0, 0, 0, 11),
(3114, 'r13s21', 0, 0, 0, 11),
(3115, 'r14s1', 0, 0, 0, 11),
(3116, 'r14s2', 0, 0, 0, 11),
(3117, 'r14s3', 0, 0, 0, 11),
(3118, 'r14s4', 0, 0, 0, 11),
(3119, 'r14s5', 0, 0, 0, 11),
(3120, 'r14s6', 0, 0, 0, 11),
(3121, 'r14s7', 0, 0, 0, 11),
(3122, 'r14s8', 0, 0, 0, 11),
(3123, 'r14s9', 0, 0, 0, 11),
(3124, 'r14s10', 0, 0, 0, 11),
(3125, 'r14s11', 0, 0, 0, 11),
(3126, 'r14s12', 0, 0, 0, 11),
(3127, 'r14s13', 0, 0, 0, 11),
(3128, 'r14s14', 0, 0, 0, 11),
(3129, 'r14s15', 0, 0, 0, 11),
(3130, 'r14s16', 0, 0, 0, 11),
(3131, 'r14s17', 0, 0, 0, 11),
(3132, 'r14s18', 0, 0, 0, 11),
(3133, 'r14s19', 0, 0, 0, 11),
(3134, 'r14s20', 0, 0, 0, 11),
(3135, 'r14s21', 0, 0, 0, 11),
(3136, 'r1s1', 0, 0, 0, 12),
(3137, 'r1s2', 0, 0, 0, 12),
(3138, 'r1s3', 0, 0, 0, 12),
(3139, 'r1s4', 0, 0, 0, 12),
(3140, 'r1s5', 0, 0, 0, 12),
(3141, 'r1s6', 0, 0, 0, 12),
(3142, 'r1s7', 0, 1, 0, 12),
(3143, 'r1s8', 0, 1, 0, 12),
(3144, 'r1s9', 0, 0, 0, 12),
(3145, 'r1s10', 0, 0, 0, 12),
(3146, 'r1s11', 0, 0, 0, 12),
(3147, 'r1s12', 0, 0, 0, 12),
(3148, 'r1s13', 0, 0, 0, 12),
(3149, 'r1s14', 1, 0, 0, 12),
(3150, 'r1s15', 0, 0, 0, 12),
(3151, 'r1s16', 0, 0, 0, 12),
(3152, 'r1s17', 1, 0, 0, 12),
(3153, 'r1s18', 1, 0, 0, 12),
(3154, 'r1s19', 0, 0, 0, 12),
(3155, 'r1s20', 0, 0, 0, 12),
(3156, 'r2s1', 0, 0, 0, 12),
(3157, 'r2s2', 1, 0, 0, 12),
(3158, 'r2s3', 1, 0, 0, 12),
(3159, 'r2s4', 0, 0, 0, 12),
(3160, 'r2s5', 0, 0, 0, 12),
(3161, 'r2s6', 0, 0, 0, 12),
(3162, 'r2s7', 1, 0, 0, 12),
(3163, 'r2s8', 1, 0, 0, 12),
(3164, 'r2s9', 1, 0, 0, 12),
(3165, 'r2s10', 0, 0, 0, 12),
(3166, 'r2s11', 0, 0, 0, 12),
(3167, 'r2s12', 0, 0, 0, 12),
(3168, 'r2s13', 0, 0, 0, 12),
(3169, 'r2s14', 0, 0, 0, 12),
(3170, 'r2s15', 0, 0, 0, 12),
(3171, 'r2s16', 0, 0, 0, 12),
(3172, 'r2s17', 0, 0, 0, 12),
(3173, 'r2s18', 0, 0, 0, 12),
(3174, 'r2s19', 0, 0, 0, 12),
(3175, 'r2s20', 0, 0, 0, 12),
(3176, 'r3s1', 0, 0, 0, 12),
(3177, 'r3s2', 0, 0, 0, 12),
(3178, 'r3s3', 0, 0, 0, 12),
(3179, 'r3s4', 1, 0, 0, 12),
(3180, 'r3s5', 1, 0, 0, 12),
(3181, 'r3s6', 0, 0, 0, 12),
(3182, 'r3s7', 0, 0, 0, 12),
(3183, 'r3s8', 0, 0, 0, 12),
(3184, 'r3s9', 0, 0, 0, 12),
(3185, 'r3s10', 0, 0, 0, 12),
(3186, 'r3s11', 0, 0, 0, 12),
(3187, 'r3s12', 0, 0, 0, 12),
(3188, 'r3s13', 1, 0, 0, 12),
(3189, 'r3s14', 1, 0, 0, 12),
(3190, 'r3s15', 1, 0, 0, 12),
(3191, 'r3s16', 0, 0, 0, 12),
(3192, 'r3s17', 0, 0, 0, 12),
(3193, 'r3s18', 0, 0, 0, 12),
(3194, 'r3s19', 0, 0, 0, 12),
(3195, 'r3s20', 0, 0, 0, 12),
(3196, 'r4s1', 0, 0, 0, 12),
(3197, 'r4s2', 0, 0, 0, 12),
(3198, 'r4s3', 0, 0, 0, 12),
(3199, 'r4s4', 0, 0, 0, 12),
(3200, 'r4s5', 1, 0, 0, 12),
(3201, 'r4s6', 1, 0, 0, 12),
(3202, 'r4s7', 1, 0, 0, 12),
(3203, 'r4s8', 0, 0, 0, 12),
(3204, 'r4s9', 0, 0, 0, 12),
(3205, 'r4s10', 0, 0, 0, 12),
(3206, 'r4s11', 1, 0, 0, 12),
(3207, 'r4s12', 1, 0, 0, 12),
(3208, 'r4s13', 0, 0, 0, 12),
(3209, 'r4s14', 0, 0, 0, 12),
(3210, 'r4s15', 0, 0, 0, 12),
(3211, 'r4s16', 0, 0, 0, 12),
(3212, 'r4s17', 0, 0, 0, 12),
(3213, 'r4s18', 0, 0, 0, 12),
(3214, 'r4s19', 0, 0, 0, 12),
(3215, 'r4s20', 0, 0, 0, 12),
(3216, 'r5s1', 0, 0, 0, 12),
(3217, 'r5s2', 0, 0, 0, 12),
(3218, 'r5s3', 0, 0, 0, 12),
(3219, 'r5s4', 0, 0, 0, 12),
(3220, 'r5s5', 0, 0, 0, 12),
(3221, 'r5s6', 0, 0, 0, 12),
(3222, 'r5s7', 0, 0, 0, 12),
(3223, 'r5s8', 0, 0, 0, 12),
(3224, 'r5s9', 0, 0, 0, 12),
(3225, 'r5s10', 0, 0, 0, 12),
(3226, 'r5s11', 0, 0, 0, 12),
(3227, 'r5s12', 0, 0, 0, 12),
(3228, 'r5s13', 0, 0, 0, 12),
(3229, 'r5s14', 0, 0, 0, 12),
(3230, 'r5s15', 0, 0, 0, 12),
(3231, 'r5s16', 0, 0, 0, 12),
(3232, 'r5s17', 0, 0, 0, 12),
(3233, 'r5s18', 0, 0, 0, 12),
(3234, 'r5s19', 0, 0, 0, 12),
(3235, 'r5s20', 0, 0, 0, 12),
(3236, 'r6s1', 0, 0, 0, 12),
(3237, 'r6s2', 0, 0, 0, 12),
(3238, 'r6s3', 0, 0, 0, 12),
(3239, 'r6s4', 0, 0, 0, 12),
(3240, 'r6s5', 0, 0, 0, 12),
(3241, 'r6s6', 0, 0, 0, 12),
(3242, 'r6s7', 0, 0, 0, 12),
(3243, 'r6s8', 0, 0, 0, 12),
(3244, 'r6s9', 0, 0, 0, 12),
(3245, 'r6s10', 0, 0, 0, 12),
(3246, 'r6s11', 0, 0, 0, 12),
(3247, 'r6s12', 0, 0, 0, 12),
(3248, 'r6s13', 0, 0, 0, 12),
(3249, 'r6s14', 0, 0, 0, 12),
(3250, 'r6s15', 0, 0, 0, 12),
(3251, 'r6s16', 0, 0, 0, 12),
(3252, 'r6s17', 0, 0, 0, 12),
(3253, 'r6s18', 0, 0, 0, 12),
(3254, 'r6s19', 0, 0, 0, 12),
(3255, 'r6s20', 0, 0, 0, 12),
(3256, 'r7s1', 0, 0, 0, 12),
(3257, 'r7s2', 0, 0, 0, 12),
(3258, 'r7s3', 0, 0, 0, 12),
(3259, 'r7s4', 0, 0, 0, 12),
(3260, 'r7s5', 0, 0, 0, 12),
(3261, 'r7s6', 0, 0, 0, 12),
(3262, 'r7s7', 0, 0, 0, 12),
(3263, 'r7s8', 0, 0, 0, 12),
(3264, 'r7s9', 0, 0, 0, 12),
(3265, 'r7s10', 0, 0, 0, 12),
(3266, 'r7s11', 0, 0, 0, 12),
(3267, 'r7s12', 0, 0, 0, 12),
(3268, 'r7s13', 0, 0, 0, 12),
(3269, 'r7s14', 0, 0, 0, 12),
(3270, 'r7s15', 0, 0, 0, 12),
(3271, 'r7s16', 0, 0, 0, 12),
(3272, 'r7s17', 0, 0, 0, 12),
(3273, 'r7s18', 0, 0, 0, 12),
(3274, 'r7s19', 0, 0, 0, 12),
(3275, 'r7s20', 0, 0, 0, 12),
(3276, 'r8s1', 0, 0, 0, 12),
(3277, 'r8s2', 0, 0, 0, 12),
(3278, 'r8s3', 0, 0, 0, 12),
(3279, 'r8s4', 0, 0, 0, 12),
(3280, 'r8s5', 0, 0, 0, 12),
(3281, 'r8s6', 0, 0, 0, 12),
(3282, 'r8s7', 0, 0, 0, 12),
(3283, 'r8s8', 0, 0, 0, 12),
(3284, 'r8s9', 0, 0, 0, 12),
(3285, 'r8s10', 0, 0, 0, 12),
(3286, 'r8s11', 0, 0, 0, 12),
(3287, 'r8s12', 0, 0, 0, 12),
(3288, 'r8s13', 0, 0, 0, 12),
(3289, 'r8s14', 0, 0, 0, 12),
(3290, 'r8s15', 0, 0, 0, 12),
(3291, 'r8s16', 0, 0, 0, 12),
(3292, 'r8s17', 0, 0, 0, 12),
(3293, 'r8s18', 0, 0, 0, 12),
(3294, 'r8s19', 0, 0, 0, 12),
(3295, 'r8s20', 0, 0, 0, 12),
(3296, 'r9s1', 0, 0, 0, 12),
(3297, 'r9s2', 0, 0, 0, 12),
(3298, 'r9s3', 0, 0, 0, 12),
(3299, 'r9s4', 0, 0, 0, 12),
(3300, 'r9s5', 0, 0, 0, 12),
(3301, 'r9s6', 0, 0, 0, 12),
(3302, 'r9s7', 0, 0, 0, 12),
(3303, 'r9s8', 0, 0, 0, 12),
(3304, 'r9s9', 0, 0, 0, 12),
(3305, 'r9s10', 0, 0, 0, 12),
(3306, 'r9s11', 0, 0, 0, 12),
(3307, 'r9s12', 0, 0, 0, 12),
(3308, 'r9s13', 0, 0, 0, 12),
(3309, 'r9s14', 0, 0, 0, 12),
(3310, 'r9s15', 0, 0, 0, 12),
(3311, 'r9s16', 0, 0, 0, 12),
(3312, 'r9s17', 0, 0, 0, 12),
(3313, 'r9s18', 0, 0, 0, 12),
(3314, 'r9s19', 0, 0, 0, 12),
(3315, 'r9s20', 0, 0, 0, 12),
(3316, 'r10s1', 0, 0, 0, 12),
(3317, 'r10s2', 0, 0, 0, 12),
(3318, 'r10s3', 0, 0, 0, 12),
(3319, 'r10s4', 0, 0, 0, 12),
(3320, 'r10s5', 0, 0, 0, 12),
(3321, 'r10s6', 0, 0, 0, 12),
(3322, 'r10s7', 0, 0, 0, 12),
(3323, 'r10s8', 0, 0, 0, 12),
(3324, 'r10s9', 0, 0, 0, 12),
(3325, 'r10s10', 0, 0, 0, 12),
(3326, 'r10s11', 0, 0, 0, 12),
(3327, 'r10s12', 0, 0, 0, 12),
(3328, 'r10s13', 0, 0, 0, 12),
(3329, 'r10s14', 0, 0, 0, 12),
(3330, 'r10s15', 0, 0, 0, 12),
(3331, 'r10s16', 0, 0, 0, 12),
(3332, 'r10s17', 0, 0, 0, 12),
(3333, 'r10s18', 0, 0, 0, 12),
(3334, 'r10s19', 0, 0, 0, 12),
(3335, 'r10s20', 0, 0, 0, 12),
(3336, 'r11s1', 0, 0, 0, 12),
(3337, 'r11s2', 0, 0, 0, 12),
(3338, 'r11s3', 0, 0, 0, 12),
(3339, 'r11s4', 0, 0, 0, 12),
(3340, 'r11s5', 0, 0, 0, 12),
(3341, 'r11s6', 0, 0, 0, 12),
(3342, 'r11s7', 0, 0, 0, 12),
(3343, 'r11s8', 0, 0, 0, 12),
(3344, 'r11s9', 0, 0, 0, 12),
(3345, 'r11s10', 0, 0, 0, 12),
(3346, 'r11s11', 0, 0, 0, 12),
(3347, 'r11s12', 0, 0, 0, 12),
(3348, 'r11s13', 0, 0, 0, 12),
(3349, 'r11s14', 0, 0, 0, 12),
(3350, 'r11s15', 0, 0, 0, 12),
(3351, 'r11s16', 0, 0, 0, 12),
(3352, 'r11s17', 0, 0, 0, 12),
(3353, 'r11s18', 0, 0, 0, 12),
(3354, 'r11s19', 0, 0, 0, 12),
(3355, 'r11s20', 0, 0, 0, 12),
(3356, 'r12s1', 0, 0, 0, 12),
(3357, 'r12s2', 0, 0, 0, 12),
(3358, 'r12s3', 0, 0, 0, 12),
(3359, 'r12s4', 0, 0, 0, 12),
(3360, 'r12s5', 0, 0, 0, 12),
(3361, 'r12s6', 0, 0, 0, 12),
(3362, 'r12s7', 0, 0, 0, 12),
(3363, 'r12s8', 0, 0, 0, 12),
(3364, 'r12s9', 0, 0, 0, 12),
(3365, 'r12s10', 0, 0, 0, 12),
(3366, 'r12s11', 0, 0, 0, 12),
(3367, 'r12s12', 0, 0, 0, 12),
(3368, 'r12s13', 0, 0, 0, 12),
(3369, 'r12s14', 0, 0, 0, 12),
(3370, 'r12s15', 0, 0, 0, 12),
(3371, 'r12s16', 0, 0, 0, 12),
(3372, 'r12s17', 0, 0, 0, 12),
(3373, 'r12s18', 0, 0, 0, 12),
(3374, 'r12s19', 0, 0, 0, 12),
(3375, 'r12s20', 0, 0, 0, 12),
(3376, 'r13s1', 0, 0, 0, 12),
(3377, 'r13s2', 0, 0, 0, 12),
(3378, 'r13s3', 0, 0, 0, 12),
(3379, 'r13s4', 0, 0, 0, 12),
(3380, 'r13s5', 0, 0, 0, 12),
(3381, 'r13s6', 0, 0, 0, 12),
(3382, 'r13s7', 0, 0, 0, 12),
(3383, 'r13s8', 0, 0, 0, 12),
(3384, 'r13s9', 0, 0, 0, 12),
(3385, 'r13s10', 0, 0, 0, 12),
(3386, 'r13s11', 0, 0, 0, 12),
(3387, 'r13s12', 0, 0, 0, 12),
(3388, 'r13s13', 0, 0, 0, 12),
(3389, 'r13s14', 0, 0, 0, 12),
(3390, 'r13s15', 0, 0, 0, 12),
(3391, 'r13s16', 0, 0, 0, 12),
(3392, 'r13s17', 0, 0, 0, 12),
(3393, 'r13s18', 0, 0, 0, 12),
(3394, 'r13s19', 0, 0, 0, 12),
(3395, 'r13s20', 0, 0, 0, 12),
(3396, 'r1s1', 0, 0, 0, 13),
(3397, 'r1s2', 0, 0, 0, 13),
(3398, 'r1s3', 0, 0, 0, 13),
(3399, 'r1s4', 0, 0, 0, 13),
(3400, 'r1s5', 0, 0, 0, 13),
(3401, 'r1s6', 0, 0, 0, 13),
(3402, 'r1s7', 0, 1, 0, 13),
(3403, 'r1s8', 0, 1, 0, 13),
(3404, 'r1s9', 0, 0, 0, 13),
(3405, 'r1s10', 1, 0, 0, 13),
(3406, 'r1s11', 0, 0, 0, 13),
(3407, 'r1s12', 1, 0, 0, 13),
(3408, 'r1s13', 1, 0, 0, 13),
(3409, 'r1s14', 1, 0, 0, 13),
(3410, 'r1s15', 0, 0, 0, 13),
(3411, 'r1s16', 0, 0, 0, 13),
(3412, 'r1s17', 0, 0, 0, 13),
(3413, 'r1s18', 0, 0, 0, 13),
(3414, 'r1s19', 0, 0, 0, 13),
(3415, 'r1s20', 0, 0, 0, 13),
(3416, 'r2s1', 1, 0, 0, 13),
(3417, 'r2s2', 1, 0, 0, 13),
(3418, 'r2s3', 1, 0, 0, 13),
(3419, 'r2s4', 0, 0, 0, 13),
(3420, 'r2s5', 0, 0, 0, 13),
(3421, 'r2s6', 1, 0, 0, 13),
(3422, 'r2s7', 1, 0, 0, 13),
(3423, 'r2s8', 1, 0, 0, 13),
(3424, 'r2s9', 0, 0, 0, 13),
(3425, 'r2s10', 0, 0, 0, 13),
(3426, 'r2s11', 0, 0, 0, 13),
(3427, 'r2s12', 0, 0, 0, 13),
(3428, 'r2s13', 0, 0, 0, 13),
(3429, 'r2s14', 0, 0, 0, 13),
(3430, 'r2s15', 0, 0, 0, 13),
(3431, 'r2s16', 0, 0, 0, 13),
(3432, 'r2s17', 0, 0, 0, 13),
(3433, 'r2s18', 0, 0, 0, 13),
(3434, 'r2s19', 0, 0, 0, 13),
(3435, 'r2s20', 0, 0, 0, 13),
(3436, 'r3s1', 0, 0, 0, 13),
(3437, 'r3s2', 0, 0, 0, 13),
(3438, 'r3s3', 0, 0, 0, 13),
(3439, 'r3s4', 0, 0, 0, 13),
(3440, 'r3s5', 0, 0, 0, 13),
(3441, 'r3s6', 0, 0, 0, 13),
(3442, 'r3s7', 0, 0, 0, 13),
(3443, 'r3s8', 0, 0, 0, 13),
(3444, 'r3s9', 0, 0, 0, 13),
(3445, 'r3s10', 0, 0, 0, 13),
(3446, 'r3s11', 1, 0, 0, 13),
(3447, 'r3s12', 0, 0, 0, 13),
(3448, 'r3s13', 0, 0, 0, 13),
(3449, 'r3s14', 1, 0, 0, 13),
(3450, 'r3s15', 1, 0, 0, 13),
(3451, 'r3s16', 0, 0, 0, 13),
(3452, 'r3s17', 0, 0, 0, 13),
(3453, 'r3s18', 0, 0, 0, 13),
(3454, 'r3s19', 0, 0, 0, 13),
(3455, 'r3s20', 0, 0, 0, 13),
(3456, 'r4s1', 0, 0, 0, 13),
(3457, 'r4s2', 0, 0, 0, 13),
(3458, 'r4s3', 0, 0, 0, 13),
(3459, 'r4s4', 0, 0, 0, 13),
(3460, 'r4s5', 0, 0, 0, 13),
(3461, 'r4s6', 0, 0, 0, 13),
(3462, 'r4s7', 0, 0, 0, 13),
(3463, 'r4s8', 0, 0, 0, 13),
(3464, 'r4s9', 0, 0, 0, 13),
(3465, 'r4s10', 0, 0, 0, 13),
(3466, 'r4s11', 0, 0, 0, 13),
(3467, 'r4s12', 0, 0, 0, 13),
(3468, 'r4s13', 0, 0, 0, 13),
(3469, 'r4s14', 0, 0, 0, 13),
(3470, 'r4s15', 1, 0, 0, 13),
(3471, 'r4s16', 1, 0, 0, 13),
(3472, 'r4s17', 0, 0, 0, 13),
(3473, 'r4s18', 0, 0, 0, 13),
(3474, 'r4s19', 0, 0, 0, 13),
(3475, 'r4s20', 0, 0, 0, 13),
(3476, 'r5s1', 0, 0, 0, 13),
(3477, 'r5s2', 0, 0, 0, 13),
(3478, 'r5s3', 0, 0, 0, 13),
(3479, 'r5s4', 0, 0, 0, 13),
(3480, 'r5s5', 0, 0, 0, 13),
(3481, 'r5s6', 0, 0, 0, 13),
(3482, 'r5s7', 0, 0, 0, 13),
(3483, 'r5s8', 0, 0, 0, 13),
(3484, 'r5s9', 0, 0, 0, 13),
(3485, 'r5s10', 0, 0, 0, 13),
(3486, 'r5s11', 0, 0, 0, 13),
(3487, 'r5s12', 0, 0, 0, 13),
(3488, 'r5s13', 0, 0, 0, 13),
(3489, 'r5s14', 0, 0, 0, 13),
(3490, 'r5s15', 0, 0, 0, 13),
(3491, 'r5s16', 0, 0, 0, 13),
(3492, 'r5s17', 0, 0, 0, 13),
(3493, 'r5s18', 0, 0, 0, 13),
(3494, 'r5s19', 0, 0, 0, 13),
(3495, 'r5s20', 0, 0, 0, 13),
(3496, 'r6s1', 0, 0, 0, 13),
(3497, 'r6s2', 0, 0, 0, 13),
(3498, 'r6s3', 0, 0, 0, 13),
(3499, 'r6s4', 0, 0, 0, 13),
(3500, 'r6s5', 0, 0, 0, 13),
(3501, 'r6s6', 0, 0, 0, 13),
(3502, 'r6s7', 0, 0, 0, 13),
(3503, 'r6s8', 0, 0, 0, 13),
(3504, 'r6s9', 0, 0, 0, 13),
(3505, 'r6s10', 0, 0, 0, 13),
(3506, 'r6s11', 0, 0, 0, 13),
(3507, 'r6s12', 0, 0, 0, 13),
(3508, 'r6s13', 0, 0, 0, 13),
(3509, 'r6s14', 0, 0, 0, 13),
(3510, 'r6s15', 0, 0, 0, 13),
(3511, 'r6s16', 0, 0, 0, 13),
(3512, 'r6s17', 0, 0, 0, 13),
(3513, 'r6s18', 0, 0, 0, 13),
(3514, 'r6s19', 0, 0, 0, 13),
(3515, 'r6s20', 0, 0, 0, 13),
(3516, 'r7s1', 0, 0, 0, 13),
(3517, 'r7s2', 0, 0, 0, 13),
(3518, 'r7s3', 0, 0, 0, 13),
(3519, 'r7s4', 0, 0, 0, 13),
(3520, 'r7s5', 0, 0, 0, 13),
(3521, 'r7s6', 0, 0, 0, 13),
(3522, 'r7s7', 0, 0, 0, 13),
(3523, 'r7s8', 0, 0, 0, 13),
(3524, 'r7s9', 0, 0, 0, 13),
(3525, 'r7s10', 0, 0, 0, 13),
(3526, 'r7s11', 0, 0, 0, 13),
(3527, 'r7s12', 0, 0, 0, 13),
(3528, 'r7s13', 0, 0, 0, 13),
(3529, 'r7s14', 0, 0, 0, 13),
(3530, 'r7s15', 0, 0, 0, 13),
(3531, 'r7s16', 0, 0, 0, 13),
(3532, 'r7s17', 0, 0, 0, 13),
(3533, 'r7s18', 0, 0, 0, 13),
(3534, 'r7s19', 0, 0, 0, 13),
(3535, 'r7s20', 0, 0, 0, 13),
(3536, 'r8s1', 0, 0, 0, 13),
(3537, 'r8s2', 0, 0, 0, 13),
(3538, 'r8s3', 0, 0, 0, 13),
(3539, 'r8s4', 0, 0, 0, 13),
(3540, 'r8s5', 0, 0, 0, 13),
(3541, 'r8s6', 0, 0, 0, 13),
(3542, 'r8s7', 0, 0, 0, 13),
(3543, 'r8s8', 0, 0, 0, 13),
(3544, 'r8s9', 0, 0, 0, 13),
(3545, 'r8s10', 0, 0, 0, 13),
(3546, 'r8s11', 0, 0, 0, 13),
(3547, 'r8s12', 0, 0, 0, 13),
(3548, 'r8s13', 0, 0, 0, 13),
(3549, 'r8s14', 0, 0, 0, 13),
(3550, 'r8s15', 0, 0, 0, 13),
(3551, 'r8s16', 0, 0, 0, 13),
(3552, 'r8s17', 0, 0, 0, 13),
(3553, 'r8s18', 0, 0, 0, 13),
(3554, 'r8s19', 0, 0, 0, 13),
(3555, 'r8s20', 0, 0, 0, 13),
(3556, 'r9s1', 0, 0, 0, 13),
(3557, 'r9s2', 0, 0, 0, 13),
(3558, 'r9s3', 0, 0, 0, 13),
(3559, 'r9s4', 0, 0, 0, 13),
(3560, 'r9s5', 0, 0, 0, 13),
(3561, 'r9s6', 0, 0, 0, 13),
(3562, 'r9s7', 0, 0, 0, 13),
(3563, 'r9s8', 0, 0, 0, 13),
(3564, 'r9s9', 0, 0, 0, 13),
(3565, 'r9s10', 0, 0, 0, 13),
(3566, 'r9s11', 0, 0, 0, 13),
(3567, 'r9s12', 0, 0, 0, 13),
(3568, 'r9s13', 0, 0, 0, 13),
(3569, 'r9s14', 0, 0, 0, 13),
(3570, 'r9s15', 0, 0, 0, 13),
(3571, 'r9s16', 0, 0, 0, 13),
(3572, 'r9s17', 0, 0, 0, 13),
(3573, 'r9s18', 0, 0, 0, 13),
(3574, 'r9s19', 0, 0, 0, 13),
(3575, 'r9s20', 0, 0, 0, 13),
(3576, 'r10s1', 0, 0, 0, 13),
(3577, 'r10s2', 0, 0, 0, 13),
(3578, 'r10s3', 0, 0, 0, 13),
(3579, 'r10s4', 0, 0, 0, 13),
(3580, 'r10s5', 0, 0, 0, 13),
(3581, 'r10s6', 0, 0, 0, 13),
(3582, 'r10s7', 0, 0, 0, 13),
(3583, 'r10s8', 0, 0, 0, 13),
(3584, 'r10s9', 0, 0, 0, 13),
(3585, 'r10s10', 0, 0, 0, 13),
(3586, 'r10s11', 0, 0, 0, 13),
(3587, 'r10s12', 0, 0, 0, 13),
(3588, 'r10s13', 0, 0, 0, 13),
(3589, 'r10s14', 0, 0, 0, 13),
(3590, 'r10s15', 0, 0, 0, 13),
(3591, 'r10s16', 0, 0, 0, 13),
(3592, 'r10s17', 0, 0, 0, 13),
(3593, 'r10s18', 0, 0, 0, 13),
(3594, 'r10s19', 0, 0, 0, 13),
(3595, 'r10s20', 0, 0, 0, 13),
(3596, 'r11s1', 0, 0, 0, 13),
(3597, 'r11s2', 0, 0, 0, 13),
(3598, 'r11s3', 0, 0, 0, 13),
(3599, 'r11s4', 0, 0, 0, 13),
(3600, 'r11s5', 0, 0, 0, 13),
(3601, 'r11s6', 0, 0, 0, 13),
(3602, 'r11s7', 0, 0, 0, 13),
(3603, 'r11s8', 0, 0, 0, 13),
(3604, 'r11s9', 0, 0, 0, 13),
(3605, 'r11s10', 0, 0, 0, 13),
(3606, 'r11s11', 0, 0, 0, 13),
(3607, 'r11s12', 0, 0, 0, 13),
(3608, 'r11s13', 0, 0, 0, 13),
(3609, 'r11s14', 0, 0, 0, 13),
(3610, 'r11s15', 0, 0, 0, 13),
(3611, 'r11s16', 0, 0, 0, 13),
(3612, 'r11s17', 0, 0, 0, 13),
(3613, 'r11s18', 0, 0, 0, 13),
(3614, 'r11s19', 0, 0, 0, 13),
(3615, 'r11s20', 0, 0, 0, 13),
(3616, 'r12s1', 0, 0, 0, 13),
(3617, 'r12s2', 0, 0, 0, 13),
(3618, 'r12s3', 0, 0, 0, 13),
(3619, 'r12s4', 0, 0, 0, 13),
(3620, 'r12s5', 0, 0, 0, 13),
(3621, 'r12s6', 0, 0, 0, 13),
(3622, 'r12s7', 0, 0, 0, 13),
(3623, 'r12s8', 0, 0, 0, 13),
(3624, 'r12s9', 0, 0, 0, 13),
(3625, 'r12s10', 0, 0, 0, 13),
(3626, 'r12s11', 0, 0, 0, 13),
(3627, 'r12s12', 0, 0, 0, 13),
(3628, 'r12s13', 0, 0, 0, 13),
(3629, 'r12s14', 0, 0, 0, 13),
(3630, 'r12s15', 0, 0, 0, 13),
(3631, 'r12s16', 0, 0, 0, 13),
(3632, 'r12s17', 0, 0, 0, 13),
(3633, 'r12s18', 0, 0, 0, 13),
(3634, 'r12s19', 0, 0, 0, 13),
(3635, 'r12s20', 0, 0, 0, 13),
(3636, 'r13s1', 0, 0, 0, 13),
(3637, 'r13s2', 0, 0, 0, 13),
(3638, 'r13s3', 0, 0, 0, 13),
(3639, 'r13s4', 0, 0, 0, 13),
(3640, 'r13s5', 0, 0, 0, 13),
(3641, 'r13s6', 0, 0, 0, 13),
(3642, 'r13s7', 0, 0, 0, 13),
(3643, 'r13s8', 0, 0, 0, 13),
(3644, 'r13s9', 0, 0, 0, 13),
(3645, 'r13s10', 0, 0, 0, 13),
(3646, 'r13s11', 0, 0, 0, 13),
(3647, 'r13s12', 0, 0, 0, 13),
(3648, 'r13s13', 0, 0, 0, 13),
(3649, 'r13s14', 0, 0, 0, 13),
(3650, 'r13s15', 0, 0, 0, 13),
(3651, 'r13s16', 0, 0, 0, 13),
(3652, 'r13s17', 0, 0, 0, 13),
(3653, 'r13s18', 0, 0, 0, 13),
(3654, 'r13s19', 0, 0, 0, 13),
(3655, 'r13s20', 0, 0, 0, 13),
(3656, 'r14s1', 0, 0, 0, 13),
(3657, 'r14s2', 0, 0, 0, 13),
(3658, 'r14s3', 0, 0, 0, 13),
(3659, 'r14s4', 0, 0, 0, 13),
(3660, 'r14s5', 0, 0, 0, 13),
(3661, 'r14s6', 0, 0, 0, 13),
(3662, 'r14s7', 0, 0, 0, 13),
(3663, 'r14s8', 0, 0, 0, 13),
(3664, 'r14s9', 0, 0, 0, 13),
(3665, 'r14s10', 0, 0, 0, 13),
(3666, 'r14s11', 0, 0, 0, 13),
(3667, 'r14s12', 0, 0, 0, 13),
(3668, 'r14s13', 0, 0, 0, 13),
(3669, 'r14s14', 0, 0, 0, 13),
(3670, 'r14s15', 0, 0, 0, 13),
(3671, 'r14s16', 0, 0, 0, 13),
(3672, 'r14s17', 0, 0, 0, 13),
(3673, 'r14s18', 0, 0, 0, 13),
(3674, 'r14s19', 0, 0, 0, 13),
(3675, 'r14s20', 0, 0, 0, 13),
(3676, 'r15s1', 0, 0, 0, 13),
(3677, 'r15s2', 0, 0, 0, 13),
(3678, 'r15s3', 0, 0, 0, 13),
(3679, 'r15s4', 0, 0, 0, 13),
(3680, 'r15s5', 0, 0, 0, 13),
(3681, 'r15s6', 0, 0, 0, 13),
(3682, 'r15s7', 0, 0, 0, 13),
(3683, 'r15s8', 0, 0, 0, 13),
(3684, 'r15s9', 0, 0, 0, 13),
(3685, 'r15s10', 0, 0, 0, 13),
(3686, 'r15s11', 0, 0, 0, 13),
(3687, 'r15s12', 0, 0, 0, 13),
(3688, 'r15s13', 0, 0, 0, 13),
(3689, 'r15s14', 0, 0, 0, 13),
(3690, 'r15s15', 0, 0, 0, 13),
(3691, 'r15s16', 0, 0, 0, 13),
(3692, 'r15s17', 0, 0, 0, 13),
(3693, 'r15s18', 0, 0, 0, 13),
(3694, 'r15s19', 0, 0, 0, 13),
(3695, 'r15s20', 0, 0, 0, 13),
(3696, 'r16s1', 0, 0, 0, 13),
(3697, 'r16s2', 0, 0, 0, 13),
(3698, 'r16s3', 0, 0, 0, 13),
(3699, 'r16s4', 0, 0, 0, 13),
(3700, 'r16s5', 0, 0, 0, 13),
(3701, 'r16s6', 0, 0, 0, 13),
(3702, 'r16s7', 0, 0, 0, 13),
(3703, 'r16s8', 0, 0, 0, 13);
INSERT INTO `sediste` (`idsedista`, `brojsedista`, `zauzeto`, `invalidsko`, `odabrano`, `idsale`) VALUES
(3704, 'r16s9', 0, 0, 0, 13),
(3705, 'r16s10', 0, 0, 0, 13),
(3706, 'r16s11', 0, 0, 0, 13),
(3707, 'r16s12', 0, 0, 0, 13),
(3708, 'r16s13', 0, 0, 0, 13),
(3709, 'r16s14', 0, 0, 0, 13),
(3710, 'r16s15', 0, 0, 0, 13),
(3711, 'r16s16', 0, 0, 0, 13),
(3712, 'r16s17', 0, 0, 0, 13),
(3713, 'r16s18', 0, 0, 0, 13),
(3714, 'r16s19', 0, 0, 0, 13),
(3715, 'r16s20', 0, 0, 0, 13),
(3716, 'r1s1', 0, 0, 0, 14),
(3717, 'r1s2', 0, 0, 0, 14),
(3718, 'r1s3', 0, 0, 0, 14),
(3719, 'r1s4', 0, 0, 0, 14),
(3720, 'r1s5', 0, 0, 0, 14),
(3721, 'r1s6', 0, 0, 0, 14),
(3722, 'r1s7', 0, 1, 0, 14),
(3723, 'r1s8', 0, 1, 0, 14),
(3724, 'r1s9', 0, 0, 0, 14),
(3725, 'r1s10', 0, 0, 0, 14),
(3726, 'r1s11', 0, 0, 0, 14),
(3727, 'r1s12', 0, 0, 0, 14),
(3728, 'r1s13', 0, 0, 0, 14),
(3729, 'r1s14', 0, 0, 0, 14),
(3730, 'r1s15', 0, 0, 0, 14),
(3731, 'r1s16', 0, 0, 0, 14),
(3732, 'r1s17', 0, 0, 0, 14),
(3733, 'r1s18', 0, 0, 0, 14),
(3734, 'r1s19', 0, 0, 0, 14),
(3735, 'r2s1', 0, 0, 0, 14),
(3736, 'r2s2', 0, 0, 0, 14),
(3737, 'r2s3', 0, 0, 0, 14),
(3738, 'r2s4', 0, 0, 0, 14),
(3739, 'r2s5', 0, 0, 0, 14),
(3740, 'r2s6', 0, 0, 0, 14),
(3741, 'r2s7', 0, 0, 0, 14),
(3742, 'r2s8', 0, 0, 0, 14),
(3743, 'r2s9', 0, 0, 0, 14),
(3744, 'r2s10', 0, 0, 0, 14),
(3745, 'r2s11', 0, 0, 0, 14),
(3746, 'r2s12', 0, 0, 0, 14),
(3747, 'r2s13', 0, 0, 0, 14),
(3748, 'r2s14', 0, 0, 0, 14),
(3749, 'r2s15', 0, 0, 0, 14),
(3750, 'r2s16', 0, 0, 0, 14),
(3751, 'r2s17', 0, 0, 0, 14),
(3752, 'r2s18', 0, 0, 0, 14),
(3753, 'r2s19', 0, 0, 0, 14),
(3754, 'r3s1', 0, 0, 0, 14),
(3755, 'r3s2', 0, 0, 0, 14),
(3756, 'r3s3', 0, 0, 0, 14),
(3757, 'r3s4', 0, 0, 0, 14),
(3758, 'r3s5', 0, 0, 0, 14),
(3759, 'r3s6', 0, 0, 0, 14),
(3760, 'r3s7', 0, 0, 0, 14),
(3761, 'r3s8', 0, 0, 0, 14),
(3762, 'r3s9', 0, 0, 0, 14),
(3763, 'r3s10', 0, 0, 0, 14),
(3764, 'r3s11', 0, 0, 0, 14),
(3765, 'r3s12', 0, 0, 0, 14),
(3766, 'r3s13', 0, 0, 0, 14),
(3767, 'r3s14', 0, 0, 0, 14),
(3768, 'r3s15', 0, 0, 0, 14),
(3769, 'r3s16', 0, 0, 0, 14),
(3770, 'r3s17', 0, 0, 0, 14),
(3771, 'r3s18', 0, 0, 0, 14),
(3772, 'r3s19', 0, 0, 0, 14),
(3773, 'r4s1', 0, 0, 0, 14),
(3774, 'r4s2', 0, 0, 0, 14),
(3775, 'r4s3', 0, 0, 0, 14),
(3776, 'r4s4', 0, 0, 0, 14),
(3777, 'r4s5', 0, 0, 0, 14),
(3778, 'r4s6', 0, 0, 0, 14),
(3779, 'r4s7', 0, 0, 0, 14),
(3780, 'r4s8', 0, 0, 0, 14),
(3781, 'r4s9', 0, 0, 0, 14),
(3782, 'r4s10', 0, 0, 0, 14),
(3783, 'r4s11', 0, 0, 0, 14),
(3784, 'r4s12', 0, 0, 0, 14),
(3785, 'r4s13', 0, 0, 0, 14),
(3786, 'r4s14', 0, 0, 0, 14),
(3787, 'r4s15', 0, 0, 0, 14),
(3788, 'r4s16', 0, 0, 0, 14),
(3789, 'r4s17', 0, 0, 0, 14),
(3790, 'r4s18', 0, 0, 0, 14),
(3791, 'r4s19', 0, 0, 0, 14),
(3792, 'r5s1', 0, 0, 0, 14),
(3793, 'r5s2', 0, 0, 0, 14),
(3794, 'r5s3', 0, 0, 0, 14),
(3795, 'r5s4', 0, 0, 0, 14),
(3796, 'r5s5', 0, 0, 0, 14),
(3797, 'r5s6', 0, 0, 0, 14),
(3798, 'r5s7', 0, 0, 0, 14),
(3799, 'r5s8', 0, 0, 0, 14),
(3800, 'r5s9', 0, 0, 0, 14),
(3801, 'r5s10', 0, 0, 0, 14),
(3802, 'r5s11', 0, 0, 0, 14),
(3803, 'r5s12', 0, 0, 0, 14),
(3804, 'r5s13', 0, 0, 0, 14),
(3805, 'r5s14', 0, 0, 0, 14),
(3806, 'r5s15', 0, 0, 0, 14),
(3807, 'r5s16', 0, 0, 0, 14),
(3808, 'r5s17', 0, 0, 0, 14),
(3809, 'r5s18', 0, 0, 0, 14),
(3810, 'r5s19', 0, 0, 0, 14),
(3811, 'r6s1', 0, 0, 0, 14),
(3812, 'r6s2', 0, 0, 0, 14),
(3813, 'r6s3', 0, 0, 0, 14),
(3814, 'r6s4', 0, 0, 0, 14),
(3815, 'r6s5', 0, 0, 0, 14),
(3816, 'r6s6', 0, 0, 0, 14),
(3817, 'r6s7', 0, 0, 0, 14),
(3818, 'r6s8', 0, 0, 0, 14),
(3819, 'r6s9', 0, 0, 0, 14),
(3820, 'r6s10', 0, 0, 0, 14),
(3821, 'r6s11', 0, 0, 0, 14),
(3822, 'r6s12', 0, 0, 0, 14),
(3823, 'r6s13', 0, 0, 0, 14),
(3824, 'r6s14', 0, 0, 0, 14),
(3825, 'r6s15', 0, 0, 0, 14),
(3826, 'r6s16', 0, 0, 0, 14),
(3827, 'r6s17', 0, 0, 0, 14),
(3828, 'r6s18', 0, 0, 0, 14),
(3829, 'r6s19', 0, 0, 0, 14),
(3830, 'r7s1', 0, 0, 0, 14),
(3831, 'r7s2', 0, 0, 0, 14),
(3832, 'r7s3', 0, 0, 0, 14),
(3833, 'r7s4', 0, 0, 0, 14),
(3834, 'r7s5', 0, 0, 0, 14),
(3835, 'r7s6', 0, 0, 0, 14),
(3836, 'r7s7', 0, 0, 0, 14),
(3837, 'r7s8', 0, 0, 0, 14),
(3838, 'r7s9', 0, 0, 0, 14),
(3839, 'r7s10', 0, 0, 0, 14),
(3840, 'r7s11', 0, 0, 0, 14),
(3841, 'r7s12', 0, 0, 0, 14),
(3842, 'r7s13', 0, 0, 0, 14),
(3843, 'r7s14', 0, 0, 0, 14),
(3844, 'r7s15', 0, 0, 0, 14),
(3845, 'r7s16', 0, 0, 0, 14),
(3846, 'r7s17', 0, 0, 0, 14),
(3847, 'r7s18', 0, 0, 0, 14),
(3848, 'r7s19', 0, 0, 0, 14),
(3849, 'r8s1', 0, 0, 0, 14),
(3850, 'r8s2', 0, 0, 0, 14),
(3851, 'r8s3', 0, 0, 0, 14),
(3852, 'r8s4', 0, 0, 0, 14),
(3853, 'r8s5', 0, 0, 0, 14),
(3854, 'r8s6', 0, 0, 0, 14),
(3855, 'r8s7', 0, 0, 0, 14),
(3856, 'r8s8', 0, 0, 0, 14),
(3857, 'r8s9', 0, 0, 0, 14),
(3858, 'r8s10', 0, 0, 0, 14),
(3859, 'r8s11', 0, 0, 0, 14),
(3860, 'r8s12', 0, 0, 0, 14),
(3861, 'r8s13', 0, 0, 0, 14),
(3862, 'r8s14', 0, 0, 0, 14),
(3863, 'r8s15', 0, 0, 0, 14),
(3864, 'r8s16', 0, 0, 0, 14),
(3865, 'r8s17', 0, 0, 0, 14),
(3866, 'r8s18', 0, 0, 0, 14),
(3867, 'r8s19', 0, 0, 0, 14),
(3868, 'r9s1', 0, 0, 0, 14),
(3869, 'r9s2', 0, 0, 0, 14),
(3870, 'r9s3', 0, 0, 0, 14),
(3871, 'r9s4', 0, 0, 0, 14),
(3872, 'r9s5', 0, 0, 0, 14),
(3873, 'r9s6', 0, 0, 0, 14),
(3874, 'r9s7', 0, 0, 0, 14),
(3875, 'r9s8', 0, 0, 0, 14),
(3876, 'r9s9', 0, 0, 0, 14),
(3877, 'r9s10', 0, 0, 0, 14),
(3878, 'r9s11', 0, 0, 0, 14),
(3879, 'r9s12', 0, 0, 0, 14),
(3880, 'r9s13', 0, 0, 0, 14),
(3881, 'r9s14', 0, 0, 0, 14),
(3882, 'r9s15', 0, 0, 0, 14),
(3883, 'r9s16', 0, 0, 0, 14),
(3884, 'r9s17', 0, 0, 0, 14),
(3885, 'r9s18', 0, 0, 0, 14),
(3886, 'r9s19', 0, 0, 0, 14),
(3887, 'r10s1', 0, 0, 0, 14),
(3888, 'r10s2', 0, 0, 0, 14),
(3889, 'r10s3', 0, 0, 0, 14),
(3890, 'r10s4', 0, 0, 0, 14),
(3891, 'r10s5', 0, 0, 0, 14),
(3892, 'r10s6', 0, 0, 0, 14),
(3893, 'r10s7', 0, 0, 0, 14),
(3894, 'r10s8', 0, 0, 0, 14),
(3895, 'r10s9', 0, 0, 0, 14),
(3896, 'r10s10', 0, 0, 0, 14),
(3897, 'r10s11', 0, 0, 0, 14),
(3898, 'r10s12', 0, 0, 0, 14),
(3899, 'r10s13', 0, 0, 0, 14),
(3900, 'r10s14', 0, 0, 0, 14),
(3901, 'r10s15', 0, 0, 0, 14),
(3902, 'r10s16', 0, 0, 0, 14),
(3903, 'r10s17', 0, 0, 0, 14),
(3904, 'r10s18', 0, 0, 0, 14),
(3905, 'r10s19', 0, 0, 0, 14),
(3906, 'r11s1', 0, 0, 0, 14),
(3907, 'r11s2', 0, 0, 0, 14),
(3908, 'r11s3', 0, 0, 0, 14),
(3909, 'r11s4', 0, 0, 0, 14),
(3910, 'r11s5', 0, 0, 0, 14),
(3911, 'r11s6', 0, 0, 0, 14),
(3912, 'r11s7', 0, 0, 0, 14),
(3913, 'r11s8', 0, 0, 0, 14),
(3914, 'r11s9', 0, 0, 0, 14),
(3915, 'r11s10', 0, 0, 0, 14),
(3916, 'r11s11', 0, 0, 0, 14),
(3917, 'r11s12', 0, 0, 0, 14),
(3918, 'r11s13', 0, 0, 0, 14),
(3919, 'r11s14', 0, 0, 0, 14),
(3920, 'r11s15', 0, 0, 0, 14),
(3921, 'r11s16', 0, 0, 0, 14),
(3922, 'r11s17', 0, 0, 0, 14),
(3923, 'r11s18', 0, 0, 0, 14),
(3924, 'r11s19', 0, 0, 0, 14),
(3925, 'r12s1', 0, 0, 0, 14),
(3926, 'r12s2', 0, 0, 0, 14),
(3927, 'r12s3', 0, 0, 0, 14),
(3928, 'r12s4', 0, 0, 0, 14),
(3929, 'r12s5', 0, 0, 0, 14),
(3930, 'r12s6', 0, 0, 0, 14),
(3931, 'r12s7', 0, 0, 0, 14),
(3932, 'r12s8', 0, 0, 0, 14),
(3933, 'r12s9', 0, 0, 0, 14),
(3934, 'r12s10', 0, 0, 0, 14),
(3935, 'r12s11', 0, 0, 0, 14),
(3936, 'r12s12', 0, 0, 0, 14),
(3937, 'r12s13', 0, 0, 0, 14),
(3938, 'r12s14', 0, 0, 0, 14),
(3939, 'r12s15', 0, 0, 0, 14),
(3940, 'r12s16', 0, 0, 0, 14),
(3941, 'r12s17', 0, 0, 0, 14),
(3942, 'r12s18', 0, 0, 0, 14),
(3943, 'r12s19', 0, 0, 0, 14),
(3944, 'r13s1', 0, 0, 0, 14),
(3945, 'r13s2', 0, 0, 0, 14),
(3946, 'r13s3', 0, 0, 0, 14),
(3947, 'r13s4', 0, 0, 0, 14),
(3948, 'r13s5', 0, 0, 0, 14),
(3949, 'r13s6', 0, 0, 0, 14),
(3950, 'r13s7', 0, 0, 0, 14),
(3951, 'r13s8', 0, 0, 0, 14),
(3952, 'r13s9', 0, 0, 0, 14),
(3953, 'r13s10', 0, 0, 0, 14),
(3954, 'r13s11', 0, 0, 0, 14),
(3955, 'r13s12', 0, 0, 0, 14),
(3956, 'r13s13', 0, 0, 0, 14),
(3957, 'r13s14', 0, 0, 0, 14),
(3958, 'r13s15', 0, 0, 0, 14),
(3959, 'r13s16', 0, 0, 0, 14),
(3960, 'r13s17', 0, 0, 0, 14),
(3961, 'r13s18', 0, 0, 0, 14),
(3962, 'r13s19', 0, 0, 0, 14),
(3963, 'r14s1', 0, 0, 0, 14),
(3964, 'r14s2', 0, 0, 0, 14),
(3965, 'r14s3', 0, 0, 0, 14),
(3966, 'r14s4', 0, 0, 0, 14),
(3967, 'r14s5', 0, 0, 0, 14),
(3968, 'r14s6', 0, 0, 0, 14),
(3969, 'r14s7', 0, 0, 0, 14),
(3970, 'r14s8', 0, 0, 0, 14),
(3971, 'r14s9', 0, 0, 0, 14),
(3972, 'r14s10', 0, 0, 0, 14),
(3973, 'r14s11', 0, 0, 0, 14),
(3974, 'r14s12', 0, 0, 0, 14),
(3975, 'r14s13', 0, 0, 0, 14),
(3976, 'r14s14', 0, 0, 0, 14),
(3977, 'r14s15', 0, 0, 0, 14),
(3978, 'r14s16', 0, 0, 0, 14),
(3979, 'r14s17', 0, 0, 0, 14),
(3980, 'r14s18', 0, 0, 0, 14),
(3981, 'r14s19', 0, 0, 0, 14),
(3982, 'r15s1', 0, 0, 0, 14),
(3983, 'r15s2', 0, 0, 0, 14),
(3984, 'r15s3', 0, 0, 0, 14),
(3985, 'r15s4', 0, 0, 0, 14),
(3986, 'r15s5', 0, 0, 0, 14),
(3987, 'r15s6', 0, 0, 0, 14),
(3988, 'r15s7', 0, 0, 0, 14),
(3989, 'r15s8', 0, 0, 0, 14),
(3990, 'r15s9', 0, 0, 0, 14),
(3991, 'r15s10', 0, 0, 0, 14),
(3992, 'r15s11', 0, 0, 0, 14),
(3993, 'r15s12', 0, 0, 0, 14),
(3994, 'r15s13', 0, 0, 0, 14),
(3995, 'r15s14', 0, 0, 0, 14),
(3996, 'r15s15', 0, 0, 0, 14),
(3997, 'r15s16', 0, 0, 0, 14),
(3998, 'r15s17', 0, 0, 0, 14),
(3999, 'r15s18', 0, 0, 0, 14),
(4000, 'r15s19', 0, 0, 0, 14);

-- --------------------------------------------------------

--
-- Table structure for table `tehnologija`
--

CREATE TABLE `tehnologija` (
  `idtehnologije` int(10) NOT NULL,
  `nazivtehnologije` varchar(255) DEFAULT NULL,
  `link_slike` varchar(255) DEFAULT NULL
) ENGINE=InnoDB DEFAULT CHARSET=latin1;

--
-- Dumping data for table `tehnologija`
--

INSERT INTO `tehnologija` (`idtehnologije`, `nazivtehnologije`, `link_slike`) VALUES
(1, '2D', 'slike/Tehnologije/2d.jpg'),
(2, '3D', 'slike/Tehnologije/3d.jpg'),
(3, 'IMAX', 'slike/Tehnologije/imax.jpg');

--
-- Indexes for dumped tables
--

--
-- Indexes for table `aktuelnost`
--
ALTER TABLE `aktuelnost`
  ADD PRIMARY KEY (`idAktuelnosti`);

--
-- Indexes for table `bioskop`
--
ALTER TABLE `bioskop`
  ADD PRIMARY KEY (`idbioskopa`);

--
-- Indexes for table `cene`
--
ALTER TABLE `cene`
  ADD PRIMARY KEY (`sifra`);

--
-- Indexes for table `clanstvo`
--
ALTER TABLE `clanstvo`
  ADD PRIMARY KEY (`idclanskekarte`),
  ADD UNIQUE KEY `idkorisnika` (`idkorisnika`),
  ADD KEY `idkluba` (`idkluba`);

--
-- Indexes for table `film`
--
ALTER TABLE `film`
  ADD PRIMARY KEY (`idfilma`);

--
-- Indexes for table `grad`
--
ALTER TABLE `grad`
  ADD PRIMARY KEY (`IdGrada`);

--
-- Indexes for table `klub`
--
ALTER TABLE `klub`
  ADD PRIMARY KEY (`idkluba`);

--
-- Indexes for table `korisnik`
--
ALTER TABLE `korisnik`
  ADD PRIMARY KEY (`idkorisnika`),
  ADD UNIQUE KEY `korisnickoime` (`korisnickoime`),
  ADD KEY `idrole` (`idrole`),
  ADD KEY `clanskaKartica` (`clanskaKartica`);

--
-- Indexes for table `nacinplacanja`
--
ALTER TABLE `nacinplacanja`
  ADD PRIMARY KEY (`idNacinaPlacanja`);

--
-- Indexes for table `placanje`
--
ALTER TABLE `placanje`
  ADD PRIMARY KEY (`idplacanja`),
  ADD KEY `idrezervacije` (`idrezervacije`),
  ADD KEY `idnacinaplacanja` (`idnacinaplacanja`);

--
-- Indexes for table `pravo`
--
ALTER TABLE `pravo`
  ADD PRIMARY KEY (`idprava`);

--
-- Indexes for table `projekcija`
--
ALTER TABLE `projekcija`
  ADD PRIMARY KEY (`idprojekcije`),
  ADD KEY `idtehnologije` (`idtehnologije`),
  ADD KEY `idfilma` (`idfilma`),
  ADD KEY `idBioskopa` (`idBioskopa`);

--
-- Indexes for table `ratings`
--
ALTER TABLE `ratings`
  ADD PRIMARY KEY (`idRating`);

--
-- Indexes for table `rezervacija`
--
ALTER TABLE `rezervacija`
  ADD PRIMARY KEY (`idrezervacije`),
  ADD KEY `idkorisnika` (`idkorisnika`),
  ADD KEY `idzaposlenirezervisao` (`idzaposlenirezervisao`),
  ADD KEY `idbioskopa` (`idbioskopa`),
  ADD KEY `idprojekcije` (`idprojekcije`);

--
-- Indexes for table `rezervisanosediste`
--
ALTER TABLE `rezervisanosediste`
  ADD PRIMARY KEY (`idrezervacije`,`idsedista`),
  ADD KEY `idsedista` (`idsedista`);

--
-- Indexes for table `rola`
--
ALTER TABLE `rola`
  ADD PRIMARY KEY (`idrole`);

--
-- Indexes for table `sala`
--
ALTER TABLE `sala`
  ADD PRIMARY KEY (`idsale`),
  ADD KEY `idbioskopa` (`idbioskopa`);

--
-- Indexes for table `sediste`
--
ALTER TABLE `sediste`
  ADD PRIMARY KEY (`idsedista`),
  ADD KEY `idsale` (`idsale`);

--
-- Indexes for table `tehnologija`
--
ALTER TABLE `tehnologija`
  ADD PRIMARY KEY (`idtehnologije`);

--
-- AUTO_INCREMENT for dumped tables
--

--
-- AUTO_INCREMENT for table `aktuelnost`
--
ALTER TABLE `aktuelnost`
  MODIFY `idAktuelnosti` int(11) NOT NULL AUTO_INCREMENT, AUTO_INCREMENT=4;
--
-- AUTO_INCREMENT for table `bioskop`
--
ALTER TABLE `bioskop`
  MODIFY `idbioskopa` int(10) NOT NULL AUTO_INCREMENT, AUTO_INCREMENT=10;
--
-- AUTO_INCREMENT for table `cene`
--
ALTER TABLE `cene`
  MODIFY `sifra` int(11) NOT NULL AUTO_INCREMENT, AUTO_INCREMENT=16;
--
-- AUTO_INCREMENT for table `clanstvo`
--
ALTER TABLE `clanstvo`
  MODIFY `idclanskekarte` int(11) NOT NULL AUTO_INCREMENT, AUTO_INCREMENT=8;
--
-- AUTO_INCREMENT for table `film`
--
ALTER TABLE `film`
  MODIFY `idfilma` int(10) NOT NULL AUTO_INCREMENT, AUTO_INCREMENT=25;
--
-- AUTO_INCREMENT for table `grad`
--
ALTER TABLE `grad`
  MODIFY `IdGrada` int(11) NOT NULL AUTO_INCREMENT, AUTO_INCREMENT=6;
--
-- AUTO_INCREMENT for table `klub`
--
ALTER TABLE `klub`
  MODIFY `idkluba` int(11) NOT NULL AUTO_INCREMENT, AUTO_INCREMENT=4;
--
-- AUTO_INCREMENT for table `korisnik`
--
ALTER TABLE `korisnik`
  MODIFY `idkorisnika` int(11) NOT NULL AUTO_INCREMENT, AUTO_INCREMENT=37;
--
-- AUTO_INCREMENT for table `nacinplacanja`
--
ALTER TABLE `nacinplacanja`
  MODIFY `idNacinaPlacanja` int(10) NOT NULL AUTO_INCREMENT;
--
-- AUTO_INCREMENT for table `placanje`
--
ALTER TABLE `placanje`
  MODIFY `idplacanja` int(10) NOT NULL AUTO_INCREMENT;
--
-- AUTO_INCREMENT for table `pravo`
--
ALTER TABLE `pravo`
  MODIFY `idprava` int(11) NOT NULL AUTO_INCREMENT, AUTO_INCREMENT=11;
--
-- AUTO_INCREMENT for table `projekcija`
--
ALTER TABLE `projekcija`
  MODIFY `idprojekcije` int(20) NOT NULL AUTO_INCREMENT, AUTO_INCREMENT=97;
--
-- AUTO_INCREMENT for table `ratings`
--
ALTER TABLE `ratings`
  MODIFY `idRating` int(11) NOT NULL AUTO_INCREMENT, AUTO_INCREMENT=7;
--
-- AUTO_INCREMENT for table `rezervacija`
--
ALTER TABLE `rezervacija`
  MODIFY `idrezervacije` int(10) NOT NULL AUTO_INCREMENT, AUTO_INCREMENT=56;
--
-- AUTO_INCREMENT for table `rola`
--
ALTER TABLE `rola`
  MODIFY `idrole` int(10) NOT NULL AUTO_INCREMENT, AUTO_INCREMENT=5;
--
-- AUTO_INCREMENT for table `sala`
--
ALTER TABLE `sala`
  MODIFY `idsale` int(10) NOT NULL AUTO_INCREMENT, AUTO_INCREMENT=15;
--
-- AUTO_INCREMENT for table `sediste`
--
ALTER TABLE `sediste`
  MODIFY `idsedista` int(10) NOT NULL AUTO_INCREMENT, AUTO_INCREMENT=4001;
--
-- AUTO_INCREMENT for table `tehnologija`
--
ALTER TABLE `tehnologija`
  MODIFY `idtehnologije` int(10) NOT NULL AUTO_INCREMENT, AUTO_INCREMENT=4;
--
-- Constraints for dumped tables
--

--
-- Constraints for table `clanstvo`
--
ALTER TABLE `clanstvo`
  ADD CONSTRAINT `clanstvo_ibfk_1` FOREIGN KEY (`idkorisnika`) REFERENCES `korisnik` (`idkorisnika`),
  ADD CONSTRAINT `clanstvo_ibfk_2` FOREIGN KEY (`idkluba`) REFERENCES `klub` (`idkluba`);

--
-- Constraints for table `placanje`
--
ALTER TABLE `placanje`
  ADD CONSTRAINT `placanje_ibfk_1` FOREIGN KEY (`idrezervacije`) REFERENCES `rezervacija` (`idrezervacije`),
  ADD CONSTRAINT `placanje_ibfk_2` FOREIGN KEY (`idnacinaplacanja`) REFERENCES `nacinplacanja` (`idNacinaPlacanja`);

--
-- Constraints for table `projekcija`
--
ALTER TABLE `projekcija`
  ADD CONSTRAINT `projekcija_ibfk_1` FOREIGN KEY (`idtehnologije`) REFERENCES `tehnologija` (`idtehnologije`),
  ADD CONSTRAINT `projekcija_ibfk_2` FOREIGN KEY (`idfilma`) REFERENCES `film` (`idfilma`);

--
-- Constraints for table `rezervacija`
--
ALTER TABLE `rezervacija`
  ADD CONSTRAINT `rezervacija_ibfk_1` FOREIGN KEY (`idkorisnika`) REFERENCES `korisnik` (`idkorisnika`),
  ADD CONSTRAINT `rezervacija_ibfk_2` FOREIGN KEY (`idzaposlenirezervisao`) REFERENCES `korisnik` (`idkorisnika`),
  ADD CONSTRAINT `rezervacija_ibfk_3` FOREIGN KEY (`idbioskopa`) REFERENCES `bioskop` (`idbioskopa`),
  ADD CONSTRAINT `rezervacija_ibfk_4` FOREIGN KEY (`idprojekcije`) REFERENCES `projekcija` (`idprojekcije`);

--
-- Constraints for table `rezervisanosediste`
--
ALTER TABLE `rezervisanosediste`
  ADD CONSTRAINT `rezervisanosediste_ibfk_1` FOREIGN KEY (`idrezervacije`) REFERENCES `rezervacija` (`idrezervacije`),
  ADD CONSTRAINT `rezervisanosediste_ibfk_2` FOREIGN KEY (`idsedista`) REFERENCES `sediste` (`idsedista`);

--
-- Constraints for table `sala`
--
ALTER TABLE `sala`
  ADD CONSTRAINT `sala_ibfk_1` FOREIGN KEY (`idbioskopa`) REFERENCES `bioskop` (`idbioskopa`);

--
-- Constraints for table `sediste`
--
ALTER TABLE `sediste`
  ADD CONSTRAINT `sediste_ibfk_1` FOREIGN KEY (`idsale`) REFERENCES `sala` (`idsale`);

/*!40101 SET CHARACTER_SET_CLIENT=@OLD_CHARACTER_SET_CLIENT */;
/*!40101 SET CHARACTER_SET_RESULTS=@OLD_CHARACTER_SET_RESULTS */;
/*!40101 SET COLLATION_CONNECTION=@OLD_COLLATION_CONNECTION */;
